tahun,nama_provinsi,nama_kabupaten/kota,nama_kecamatan,jenis_kelamin,usia,jumlah
2020,DKI JAKARTA,ADM. KEPULAUAN SERIBU,KEPULAUAN SERIBU UTARA,LAKI-LAKI,<15,1
2020,DKI JAKARTA,ADM. KEPULAUAN SERIBU,KEPULAUAN SERIBU UTARA,LAKI-LAKI,15-19,4
2020,DKI JAKARTA,ADM. KEPULAUAN SERIBU,KEPULAUAN SERIBU UTARA,LAKI-LAKI,20-24,98
2020,DKI JAKARTA,ADM. KEPULAUAN SERIBU,KEPULAUAN SERIBU UTARA,LAKI-LAKI,25-29,415
2020,DKI JAKARTA,ADM. KEPULAUAN SERIBU,KEPULAUAN SERIBU UTARA,LAKI-LAKI,30-34,552
2020,DKI JAKARTA,ADM. KEPULAUAN SERIBU,KEPULAUAN SERIBU UTARA,LAKI-LAKI,35-39,691
2020,DKI JAKARTA,ADM. KEPULAUAN SERIBU,KEPULAUAN SERIBU UTARA,LAKI-LAKI,40-44,603
2020,DKI JAKARTA,ADM. KEPULAUAN SERIBU,KEPULAUAN SERIBU UTARA,LAKI-LAKI,45-49,478
2020,DKI JAKARTA,ADM. KEPULAUAN SERIBU,KEPULAUAN SERIBU UTARA,LAKI-LAKI,50-54,483
2020,DKI JAKARTA,ADM. KEPULAUAN SERIBU,KEPULAUAN SERIBU UTARA,LAKI-LAKI,55-59,356
2020,DKI JAKARTA,ADM. KEPULAUAN SERIBU,KEPULAUAN SERIBU UTARA,LAKI-LAKI,60-64,246
2020,DKI JAKARTA,ADM. KEPULAUAN SERIBU,KEPULAUAN SERIBU UTARA,LAKI-LAKI,65-69,135
2020,DKI JAKARTA,ADM. KEPULAUAN SERIBU,KEPULAUAN SERIBU UTARA,LAKI-LAKI,70-75,92
2020,DKI JAKARTA,ADM. KEPULAUAN SERIBU,KEPULAUAN SERIBU UTARA,LAKI-LAKI,>75,52
2020,DKI JAKARTA,ADM. KEPULAUAN SERIBU,KEPULAUAN SERIBU SELATAN,LAKI-LAKI,15-19,1
2020,DKI JAKARTA,ADM. KEPULAUAN SERIBU,KEPULAUAN SERIBU SELATAN,LAKI-LAKI,20-24,65
2020,DKI JAKARTA,ADM. KEPULAUAN SERIBU,KEPULAUAN SERIBU SELATAN,LAKI-LAKI,25-29,310
2020,DKI JAKARTA,ADM. KEPULAUAN SERIBU,KEPULAUAN SERIBU SELATAN,LAKI-LAKI,30-34,423
2020,DKI JAKARTA,ADM. KEPULAUAN SERIBU,KEPULAUAN SERIBU SELATAN,LAKI-LAKI,35-39,479
2020,DKI JAKARTA,ADM. KEPULAUAN SERIBU,KEPULAUAN SERIBU SELATAN,LAKI-LAKI,40-44,450
2020,DKI JAKARTA,ADM. KEPULAUAN SERIBU,KEPULAUAN SERIBU SELATAN,LAKI-LAKI,45-49,366
2020,DKI JAKARTA,ADM. KEPULAUAN SERIBU,KEPULAUAN SERIBU SELATAN,LAKI-LAKI,50-54,344
2020,DKI JAKARTA,ADM. KEPULAUAN SERIBU,KEPULAUAN SERIBU SELATAN,LAKI-LAKI,55-59,223
2020,DKI JAKARTA,ADM. KEPULAUAN SERIBU,KEPULAUAN SERIBU SELATAN,LAKI-LAKI,60-64,155
2020,DKI JAKARTA,ADM. KEPULAUAN SERIBU,KEPULAUAN SERIBU SELATAN,LAKI-LAKI,65-69,100
2020,DKI JAKARTA,ADM. KEPULAUAN SERIBU,KEPULAUAN SERIBU SELATAN,LAKI-LAKI,70-75,86
2020,DKI JAKARTA,ADM. KEPULAUAN SERIBU,KEPULAUAN SERIBU SELATAN,LAKI-LAKI,>75,53
2020,DKI JAKARTA,JAKARTA PUSAT,GAMBIR,LAKI-LAKI,<15,4
2020,DKI JAKARTA,JAKARTA PUSAT,GAMBIR,LAKI-LAKI,15-19,59
2020,DKI JAKARTA,JAKARTA PUSAT,GAMBIR,LAKI-LAKI,20-24,464
2020,DKI JAKARTA,JAKARTA PUSAT,GAMBIR,LAKI-LAKI,25-29,1547
2020,DKI JAKARTA,JAKARTA PUSAT,GAMBIR,LAKI-LAKI,30-34,2650
2020,DKI JAKARTA,JAKARTA PUSAT,GAMBIR,LAKI-LAKI,35-39,3260
2020,DKI JAKARTA,JAKARTA PUSAT,GAMBIR,LAKI-LAKI,40-44,3317
2020,DKI JAKARTA,JAKARTA PUSAT,GAMBIR,LAKI-LAKI,45-49,3290
2020,DKI JAKARTA,JAKARTA PUSAT,GAMBIR,LAKI-LAKI,50-54,3163
2020,DKI JAKARTA,JAKARTA PUSAT,GAMBIR,LAKI-LAKI,55-59,2939
2020,DKI JAKARTA,JAKARTA PUSAT,GAMBIR,LAKI-LAKI,60-64,2237
2020,DKI JAKARTA,JAKARTA PUSAT,GAMBIR,LAKI-LAKI,65-69,1576
2020,DKI JAKARTA,JAKARTA PUSAT,GAMBIR,LAKI-LAKI,70-75,1149
2020,DKI JAKARTA,JAKARTA PUSAT,GAMBIR,LAKI-LAKI,>75,966
2020,DKI JAKARTA,JAKARTA PUSAT,SAWAH BESAR,LAKI-LAKI,<15,7
2020,DKI JAKARTA,JAKARTA PUSAT,SAWAH BESAR,LAKI-LAKI,15-19,75
2020,DKI JAKARTA,JAKARTA PUSAT,SAWAH BESAR,LAKI-LAKI,20-24,444
2020,DKI JAKARTA,JAKARTA PUSAT,SAWAH BESAR,LAKI-LAKI,25-29,1689
2020,DKI JAKARTA,JAKARTA PUSAT,SAWAH BESAR,LAKI-LAKI,30-34,3105
2020,DKI JAKARTA,JAKARTA PUSAT,SAWAH BESAR,LAKI-LAKI,35-39,4442
2020,DKI JAKARTA,JAKARTA PUSAT,SAWAH BESAR,LAKI-LAKI,40-44,4561
2020,DKI JAKARTA,JAKARTA PUSAT,SAWAH BESAR,LAKI-LAKI,45-49,4374
2020,DKI JAKARTA,JAKARTA PUSAT,SAWAH BESAR,LAKI-LAKI,50-54,4153
2020,DKI JAKARTA,JAKARTA PUSAT,SAWAH BESAR,LAKI-LAKI,55-59,3828
2020,DKI JAKARTA,JAKARTA PUSAT,SAWAH BESAR,LAKI-LAKI,60-64,2825
2020,DKI JAKARTA,JAKARTA PUSAT,SAWAH BESAR,LAKI-LAKI,65-69,2105
2020,DKI JAKARTA,JAKARTA PUSAT,SAWAH BESAR,LAKI-LAKI,70-75,1491
2020,DKI JAKARTA,JAKARTA PUSAT,SAWAH BESAR,LAKI-LAKI,>75,1217
2020,DKI JAKARTA,JAKARTA PUSAT,KEMAYORAN,LAKI-LAKI,<15,26
2020,DKI JAKARTA,JAKARTA PUSAT,KEMAYORAN,LAKI-LAKI,15-19,174
2020,DKI JAKARTA,JAKARTA PUSAT,KEMAYORAN,LAKI-LAKI,20-24,1124
2020,DKI JAKARTA,JAKARTA PUSAT,KEMAYORAN,LAKI-LAKI,25-29,4294
2020,DKI JAKARTA,JAKARTA PUSAT,KEMAYORAN,LAKI-LAKI,30-34,7156
2020,DKI JAKARTA,JAKARTA PUSAT,KEMAYORAN,LAKI-LAKI,35-39,9442
2020,DKI JAKARTA,JAKARTA PUSAT,KEMAYORAN,LAKI-LAKI,40-44,9701
2020,DKI JAKARTA,JAKARTA PUSAT,KEMAYORAN,LAKI-LAKI,45-49,9377
2020,DKI JAKARTA,JAKARTA PUSAT,KEMAYORAN,LAKI-LAKI,50-54,8815
2020,DKI JAKARTA,JAKARTA PUSAT,KEMAYORAN,LAKI-LAKI,55-59,6628
2020,DKI JAKARTA,JAKARTA PUSAT,KEMAYORAN,LAKI-LAKI,60-64,4540
2020,DKI JAKARTA,JAKARTA PUSAT,KEMAYORAN,LAKI-LAKI,65-69,3050
2020,DKI JAKARTA,JAKARTA PUSAT,KEMAYORAN,LAKI-LAKI,70-75,2034
2020,DKI JAKARTA,JAKARTA PUSAT,KEMAYORAN,LAKI-LAKI,>75,1756
2020,DKI JAKARTA,JAKARTA PUSAT,S E N E N,LAKI-LAKI,<15,6
2020,DKI JAKARTA,JAKARTA PUSAT,S E N E N,LAKI-LAKI,15-19,79
2020,DKI JAKARTA,JAKARTA PUSAT,S E N E N,LAKI-LAKI,20-24,544
2020,DKI JAKARTA,JAKARTA PUSAT,S E N E N,LAKI-LAKI,25-29,2061
2020,DKI JAKARTA,JAKARTA PUSAT,S E N E N,LAKI-LAKI,30-34,3737
2020,DKI JAKARTA,JAKARTA PUSAT,S E N E N,LAKI-LAKI,35-39,4672
2020,DKI JAKARTA,JAKARTA PUSAT,S E N E N,LAKI-LAKI,40-44,4575
2020,DKI JAKARTA,JAKARTA PUSAT,S E N E N,LAKI-LAKI,45-49,4222
2020,DKI JAKARTA,JAKARTA PUSAT,S E N E N,LAKI-LAKI,50-54,3924
2020,DKI JAKARTA,JAKARTA PUSAT,S E N E N,LAKI-LAKI,55-59,3483
2020,DKI JAKARTA,JAKARTA PUSAT,S E N E N,LAKI-LAKI,60-64,2562
2020,DKI JAKARTA,JAKARTA PUSAT,S E N E N,LAKI-LAKI,65-69,1738
2020,DKI JAKARTA,JAKARTA PUSAT,S E N E N,LAKI-LAKI,70-75,1171
2020,DKI JAKARTA,JAKARTA PUSAT,S E N E N,LAKI-LAKI,>75,892
2020,DKI JAKARTA,JAKARTA PUSAT,CEMPAKA PUTIH,LAKI-LAKI,<15,6
2020,DKI JAKARTA,JAKARTA PUSAT,CEMPAKA PUTIH,LAKI-LAKI,15-19,52
2020,DKI JAKARTA,JAKARTA PUSAT,CEMPAKA PUTIH,LAKI-LAKI,20-24,367
2020,DKI JAKARTA,JAKARTA PUSAT,CEMPAKA PUTIH,LAKI-LAKI,25-29,1505
2020,DKI JAKARTA,JAKARTA PUSAT,CEMPAKA PUTIH,LAKI-LAKI,30-34,2753
2020,DKI JAKARTA,JAKARTA PUSAT,CEMPAKA PUTIH,LAKI-LAKI,35-39,3424
2020,DKI JAKARTA,JAKARTA PUSAT,CEMPAKA PUTIH,LAKI-LAKI,40-44,3591
2020,DKI JAKARTA,JAKARTA PUSAT,CEMPAKA PUTIH,LAKI-LAKI,45-49,3745
2020,DKI JAKARTA,JAKARTA PUSAT,CEMPAKA PUTIH,LAKI-LAKI,50-54,3511
2020,DKI JAKARTA,JAKARTA PUSAT,CEMPAKA PUTIH,LAKI-LAKI,55-59,2753
2020,DKI JAKARTA,JAKARTA PUSAT,CEMPAKA PUTIH,LAKI-LAKI,60-64,1847
2020,DKI JAKARTA,JAKARTA PUSAT,CEMPAKA PUTIH,LAKI-LAKI,65-69,1310
2020,DKI JAKARTA,JAKARTA PUSAT,CEMPAKA PUTIH,LAKI-LAKI,70-75,813
2020,DKI JAKARTA,JAKARTA PUSAT,CEMPAKA PUTIH,LAKI-LAKI,>75,1017
2020,DKI JAKARTA,JAKARTA PUSAT,MENTENG,LAKI-LAKI,<15,5
2020,DKI JAKARTA,JAKARTA PUSAT,MENTENG,LAKI-LAKI,15-19,41
2020,DKI JAKARTA,JAKARTA PUSAT,MENTENG,LAKI-LAKI,20-24,357
2020,DKI JAKARTA,JAKARTA PUSAT,MENTENG,LAKI-LAKI,25-29,1332
2020,DKI JAKARTA,JAKARTA PUSAT,MENTENG,LAKI-LAKI,30-34,2341
2020,DKI JAKARTA,JAKARTA PUSAT,MENTENG,LAKI-LAKI,35-39,3008
2020,DKI JAKARTA,JAKARTA PUSAT,MENTENG,LAKI-LAKI,40-44,3034
2020,DKI JAKARTA,JAKARTA PUSAT,MENTENG,LAKI-LAKI,45-49,3032
2020,DKI JAKARTA,JAKARTA PUSAT,MENTENG,LAKI-LAKI,50-54,2754
2020,DKI JAKARTA,JAKARTA PUSAT,MENTENG,LAKI-LAKI,55-59,2666
2020,DKI JAKARTA,JAKARTA PUSAT,MENTENG,LAKI-LAKI,60-64,1981
2020,DKI JAKARTA,JAKARTA PUSAT,MENTENG,LAKI-LAKI,65-69,1365
2020,DKI JAKARTA,JAKARTA PUSAT,MENTENG,LAKI-LAKI,70-75,868
2020,DKI JAKARTA,JAKARTA PUSAT,MENTENG,LAKI-LAKI,>75,692
2020,DKI JAKARTA,JAKARTA PUSAT,TANAH ABANG,LAKI-LAKI,<15,21
2020,DKI JAKARTA,JAKARTA PUSAT,TANAH ABANG,LAKI-LAKI,15-19,135
2020,DKI JAKARTA,JAKARTA PUSAT,TANAH ABANG,LAKI-LAKI,20-24,864
2020,DKI JAKARTA,JAKARTA PUSAT,TANAH ABANG,LAKI-LAKI,25-29,2952
2020,DKI JAKARTA,JAKARTA PUSAT,TANAH ABANG,LAKI-LAKI,30-34,5124
2020,DKI JAKARTA,JAKARTA PUSAT,TANAH ABANG,LAKI-LAKI,35-39,6672
2020,DKI JAKARTA,JAKARTA PUSAT,TANAH ABANG,LAKI-LAKI,40-44,6631
2020,DKI JAKARTA,JAKARTA PUSAT,TANAH ABANG,LAKI-LAKI,45-49,6087
2020,DKI JAKARTA,JAKARTA PUSAT,TANAH ABANG,LAKI-LAKI,50-54,5758
2020,DKI JAKARTA,JAKARTA PUSAT,TANAH ABANG,LAKI-LAKI,55-59,4713
2020,DKI JAKARTA,JAKARTA PUSAT,TANAH ABANG,LAKI-LAKI,60-64,3460
2020,DKI JAKARTA,JAKARTA PUSAT,TANAH ABANG,LAKI-LAKI,65-69,2119
2020,DKI JAKARTA,JAKARTA PUSAT,TANAH ABANG,LAKI-LAKI,70-75,1367
2020,DKI JAKARTA,JAKARTA PUSAT,TANAH ABANG,LAKI-LAKI,>75,1184
2020,DKI JAKARTA,JAKARTA PUSAT,JOHAR BARU,LAKI-LAKI,<15,10
2020,DKI JAKARTA,JAKARTA PUSAT,JOHAR BARU,LAKI-LAKI,15-19,60
2020,DKI JAKARTA,JAKARTA PUSAT,JOHAR BARU,LAKI-LAKI,20-24,528
2020,DKI JAKARTA,JAKARTA PUSAT,JOHAR BARU,LAKI-LAKI,25-29,2183
2020,DKI JAKARTA,JAKARTA PUSAT,JOHAR BARU,LAKI-LAKI,30-34,3828
2020,DKI JAKARTA,JAKARTA PUSAT,JOHAR BARU,LAKI-LAKI,35-39,5246
2020,DKI JAKARTA,JAKARTA PUSAT,JOHAR BARU,LAKI-LAKI,40-44,5223
2020,DKI JAKARTA,JAKARTA PUSAT,JOHAR BARU,LAKI-LAKI,45-49,4978
2020,DKI JAKARTA,JAKARTA PUSAT,JOHAR BARU,LAKI-LAKI,50-54,4524
2020,DKI JAKARTA,JAKARTA PUSAT,JOHAR BARU,LAKI-LAKI,55-59,3683
2020,DKI JAKARTA,JAKARTA PUSAT,JOHAR BARU,LAKI-LAKI,60-64,2596
2020,DKI JAKARTA,JAKARTA PUSAT,JOHAR BARU,LAKI-LAKI,65-69,1697
2020,DKI JAKARTA,JAKARTA PUSAT,JOHAR BARU,LAKI-LAKI,70-75,1047
2020,DKI JAKARTA,JAKARTA PUSAT,JOHAR BARU,LAKI-LAKI,>75,917
2020,DKI JAKARTA,JAKARTA UTARA,PENJARINGAN,LAKI-LAKI,<15,3
2020,DKI JAKARTA,JAKARTA UTARA,PENJARINGAN,LAKI-LAKI,15-19,130
2020,DKI JAKARTA,JAKARTA UTARA,PENJARINGAN,LAKI-LAKI,20-24,1551
2020,DKI JAKARTA,JAKARTA UTARA,PENJARINGAN,LAKI-LAKI,25-29,5243
2020,DKI JAKARTA,JAKARTA UTARA,PENJARINGAN,LAKI-LAKI,30-34,9482
2020,DKI JAKARTA,JAKARTA UTARA,PENJARINGAN,LAKI-LAKI,35-39,13082
2020,DKI JAKARTA,JAKARTA UTARA,PENJARINGAN,LAKI-LAKI,40-44,13009
2020,DKI JAKARTA,JAKARTA UTARA,PENJARINGAN,LAKI-LAKI,45-49,11051
2020,DKI JAKARTA,JAKARTA UTARA,PENJARINGAN,LAKI-LAKI,50-54,9143
2020,DKI JAKARTA,JAKARTA UTARA,PENJARINGAN,LAKI-LAKI,55-59,7351
2020,DKI JAKARTA,JAKARTA UTARA,PENJARINGAN,LAKI-LAKI,60-64,5752
2020,DKI JAKARTA,JAKARTA UTARA,PENJARINGAN,LAKI-LAKI,65-69,3950
2020,DKI JAKARTA,JAKARTA UTARA,PENJARINGAN,LAKI-LAKI,70-75,2778
2020,DKI JAKARTA,JAKARTA UTARA,PENJARINGAN,LAKI-LAKI,>75,1714
2020,DKI JAKARTA,JAKARTA UTARA,TANJUNG PRIOK,LAKI-LAKI,<15,5
2020,DKI JAKARTA,JAKARTA UTARA,TANJUNG PRIOK,LAKI-LAKI,15-19,123
2020,DKI JAKARTA,JAKARTA UTARA,TANJUNG PRIOK,LAKI-LAKI,20-24,1949
2020,DKI JAKARTA,JAKARTA UTARA,TANJUNG PRIOK,LAKI-LAKI,25-29,7089
2020,DKI JAKARTA,JAKARTA UTARA,TANJUNG PRIOK,LAKI-LAKI,30-34,12681
2020,DKI JAKARTA,JAKARTA UTARA,TANJUNG PRIOK,LAKI-LAKI,35-39,16788
2020,DKI JAKARTA,JAKARTA UTARA,TANJUNG PRIOK,LAKI-LAKI,40-44,17044
2020,DKI JAKARTA,JAKARTA UTARA,TANJUNG PRIOK,LAKI-LAKI,45-49,14905
2020,DKI JAKARTA,JAKARTA UTARA,TANJUNG PRIOK,LAKI-LAKI,50-54,12410
2020,DKI JAKARTA,JAKARTA UTARA,TANJUNG PRIOK,LAKI-LAKI,55-59,9526
2020,DKI JAKARTA,JAKARTA UTARA,TANJUNG PRIOK,LAKI-LAKI,60-64,6757
2020,DKI JAKARTA,JAKARTA UTARA,TANJUNG PRIOK,LAKI-LAKI,65-69,4461
2020,DKI JAKARTA,JAKARTA UTARA,TANJUNG PRIOK,LAKI-LAKI,70-75,2894
2020,DKI JAKARTA,JAKARTA UTARA,TANJUNG PRIOK,LAKI-LAKI,>75,1640
2020,DKI JAKARTA,JAKARTA UTARA,KOJA,LAKI-LAKI,<15,4
2020,DKI JAKARTA,JAKARTA UTARA,KOJA,LAKI-LAKI,15-19,102
2020,DKI JAKARTA,JAKARTA UTARA,KOJA,LAKI-LAKI,20-24,1782
2020,DKI JAKARTA,JAKARTA UTARA,KOJA,LAKI-LAKI,25-29,6920
2020,DKI JAKARTA,JAKARTA UTARA,KOJA,LAKI-LAKI,30-34,11389
2020,DKI JAKARTA,JAKARTA UTARA,KOJA,LAKI-LAKI,35-39,14432
2020,DKI JAKARTA,JAKARTA UTARA,KOJA,LAKI-LAKI,40-44,13850
2020,DKI JAKARTA,JAKARTA UTARA,KOJA,LAKI-LAKI,45-49,11714
2020,DKI JAKARTA,JAKARTA UTARA,KOJA,LAKI-LAKI,50-54,9765
2020,DKI JAKARTA,JAKARTA UTARA,KOJA,LAKI-LAKI,55-59,7266
2020,DKI JAKARTA,JAKARTA UTARA,KOJA,LAKI-LAKI,60-64,4959
2020,DKI JAKARTA,JAKARTA UTARA,KOJA,LAKI-LAKI,65-69,3089
2020,DKI JAKARTA,JAKARTA UTARA,KOJA,LAKI-LAKI,70-75,1852
2020,DKI JAKARTA,JAKARTA UTARA,KOJA,LAKI-LAKI,>75,1061
2020,DKI JAKARTA,JAKARTA UTARA,CILINCING,LAKI-LAKI,<15,4
2020,DKI JAKARTA,JAKARTA UTARA,CILINCING,LAKI-LAKI,15-19,176
2020,DKI JAKARTA,JAKARTA UTARA,CILINCING,LAKI-LAKI,20-24,2867
2020,DKI JAKARTA,JAKARTA UTARA,CILINCING,LAKI-LAKI,25-29,9625
2020,DKI JAKARTA,JAKARTA UTARA,CILINCING,LAKI-LAKI,30-34,14755
2020,DKI JAKARTA,JAKARTA UTARA,CILINCING,LAKI-LAKI,35-39,18731
2020,DKI JAKARTA,JAKARTA UTARA,CILINCING,LAKI-LAKI,40-44,18176
2020,DKI JAKARTA,JAKARTA UTARA,CILINCING,LAKI-LAKI,45-49,15036
2020,DKI JAKARTA,JAKARTA UTARA,CILINCING,LAKI-LAKI,50-54,11901
2020,DKI JAKARTA,JAKARTA UTARA,CILINCING,LAKI-LAKI,55-59,8144
2020,DKI JAKARTA,JAKARTA UTARA,CILINCING,LAKI-LAKI,60-64,5565
2020,DKI JAKARTA,JAKARTA UTARA,CILINCING,LAKI-LAKI,65-69,3500
2020,DKI JAKARTA,JAKARTA UTARA,CILINCING,LAKI-LAKI,70-75,2151
2020,DKI JAKARTA,JAKARTA UTARA,CILINCING,LAKI-LAKI,>75,1201
2020,DKI JAKARTA,JAKARTA UTARA,PADEMANGAN,LAKI-LAKI,<15,1
2020,DKI JAKARTA,JAKARTA UTARA,PADEMANGAN,LAKI-LAKI,15-19,58
2020,DKI JAKARTA,JAKARTA UTARA,PADEMANGAN,LAKI-LAKI,20-24,724
2020,DKI JAKARTA,JAKARTA UTARA,PADEMANGAN,LAKI-LAKI,25-29,2887
2020,DKI JAKARTA,JAKARTA UTARA,PADEMANGAN,LAKI-LAKI,30-34,5064
2020,DKI JAKARTA,JAKARTA UTARA,PADEMANGAN,LAKI-LAKI,35-39,6994
2020,DKI JAKARTA,JAKARTA UTARA,PADEMANGAN,LAKI-LAKI,40-44,6993
2020,DKI JAKARTA,JAKARTA UTARA,PADEMANGAN,LAKI-LAKI,45-49,6076
2020,DKI JAKARTA,JAKARTA UTARA,PADEMANGAN,LAKI-LAKI,50-54,5102
2020,DKI JAKARTA,JAKARTA UTARA,PADEMANGAN,LAKI-LAKI,55-59,3988
2020,DKI JAKARTA,JAKARTA UTARA,PADEMANGAN,LAKI-LAKI,60-64,2826
2020,DKI JAKARTA,JAKARTA UTARA,PADEMANGAN,LAKI-LAKI,65-69,1774
2020,DKI JAKARTA,JAKARTA UTARA,PADEMANGAN,LAKI-LAKI,70-75,1295
2020,DKI JAKARTA,JAKARTA UTARA,PADEMANGAN,LAKI-LAKI,>75,780
2020,DKI JAKARTA,JAKARTA UTARA,KELAPA GADING,LAKI-LAKI,<15,2
2020,DKI JAKARTA,JAKARTA UTARA,KELAPA GADING,LAKI-LAKI,15-19,17
2020,DKI JAKARTA,JAKARTA UTARA,KELAPA GADING,LAKI-LAKI,20-24,302
2020,DKI JAKARTA,JAKARTA UTARA,KELAPA GADING,LAKI-LAKI,25-29,1557
2020,DKI JAKARTA,JAKARTA UTARA,KELAPA GADING,LAKI-LAKI,30-34,3587
2020,DKI JAKARTA,JAKARTA UTARA,KELAPA GADING,LAKI-LAKI,35-39,5319
2020,DKI JAKARTA,JAKARTA UTARA,KELAPA GADING,LAKI-LAKI,40-44,5445
2020,DKI JAKARTA,JAKARTA UTARA,KELAPA GADING,LAKI-LAKI,45-49,4723
2020,DKI JAKARTA,JAKARTA UTARA,KELAPA GADING,LAKI-LAKI,50-54,4244
2020,DKI JAKARTA,JAKARTA UTARA,KELAPA GADING,LAKI-LAKI,55-59,3612
2020,DKI JAKARTA,JAKARTA UTARA,KELAPA GADING,LAKI-LAKI,60-64,2993
2020,DKI JAKARTA,JAKARTA UTARA,KELAPA GADING,LAKI-LAKI,65-69,2365
2020,DKI JAKARTA,JAKARTA UTARA,KELAPA GADING,LAKI-LAKI,70-75,1851
2020,DKI JAKARTA,JAKARTA UTARA,KELAPA GADING,LAKI-LAKI,>75,1105
2020,DKI JAKARTA,JAKARTA BARAT,CENGKARENG,LAKI-LAKI,<15,5
2020,DKI JAKARTA,JAKARTA BARAT,CENGKARENG,LAKI-LAKI,15-19,153
2020,DKI JAKARTA,JAKARTA BARAT,CENGKARENG,LAKI-LAKI,20-24,2562
2020,DKI JAKARTA,JAKARTA BARAT,CENGKARENG,LAKI-LAKI,25-29,10500
2020,DKI JAKARTA,JAKARTA BARAT,CENGKARENG,LAKI-LAKI,30-34,18600
2020,DKI JAKARTA,JAKARTA BARAT,CENGKARENG,LAKI-LAKI,35-39,24996
2020,DKI JAKARTA,JAKARTA BARAT,CENGKARENG,LAKI-LAKI,40-44,23961
2020,DKI JAKARTA,JAKARTA BARAT,CENGKARENG,LAKI-LAKI,45-49,20574
2020,DKI JAKARTA,JAKARTA BARAT,CENGKARENG,LAKI-LAKI,50-54,16495
2020,DKI JAKARTA,JAKARTA BARAT,CENGKARENG,LAKI-LAKI,55-59,12512
2020,DKI JAKARTA,JAKARTA BARAT,CENGKARENG,LAKI-LAKI,60-64,8638
2020,DKI JAKARTA,JAKARTA BARAT,CENGKARENG,LAKI-LAKI,65-69,5055
2020,DKI JAKARTA,JAKARTA BARAT,CENGKARENG,LAKI-LAKI,70-75,2834
2020,DKI JAKARTA,JAKARTA BARAT,CENGKARENG,LAKI-LAKI,>75,1445
2020,DKI JAKARTA,JAKARTA BARAT,GROGOL PETAMBURAN,LAKI-LAKI,<15,1
2020,DKI JAKARTA,JAKARTA BARAT,GROGOL PETAMBURAN,LAKI-LAKI,15-19,40
2020,DKI JAKARTA,JAKARTA BARAT,GROGOL PETAMBURAN,LAKI-LAKI,20-24,658
2020,DKI JAKARTA,JAKARTA BARAT,GROGOL PETAMBURAN,LAKI-LAKI,25-29,3003
2020,DKI JAKARTA,JAKARTA BARAT,GROGOL PETAMBURAN,LAKI-LAKI,30-34,6145
2020,DKI JAKARTA,JAKARTA BARAT,GROGOL PETAMBURAN,LAKI-LAKI,35-39,9255
2020,DKI JAKARTA,JAKARTA BARAT,GROGOL PETAMBURAN,LAKI-LAKI,40-44,9577
2020,DKI JAKARTA,JAKARTA BARAT,GROGOL PETAMBURAN,LAKI-LAKI,45-49,8497
2020,DKI JAKARTA,JAKARTA BARAT,GROGOL PETAMBURAN,LAKI-LAKI,50-54,7306
2020,DKI JAKARTA,JAKARTA BARAT,GROGOL PETAMBURAN,LAKI-LAKI,55-59,5712
2020,DKI JAKARTA,JAKARTA BARAT,GROGOL PETAMBURAN,LAKI-LAKI,60-64,4194
2020,DKI JAKARTA,JAKARTA BARAT,GROGOL PETAMBURAN,LAKI-LAKI,65-69,3149
2020,DKI JAKARTA,JAKARTA BARAT,GROGOL PETAMBURAN,LAKI-LAKI,70-75,2536
2020,DKI JAKARTA,JAKARTA BARAT,GROGOL PETAMBURAN,LAKI-LAKI,>75,1759
2020,DKI JAKARTA,JAKARTA BARAT,TAMAN SARI,LAKI-LAKI,<15,3
2020,DKI JAKARTA,JAKARTA BARAT,TAMAN SARI,LAKI-LAKI,15-19,21
2020,DKI JAKARTA,JAKARTA BARAT,TAMAN SARI,LAKI-LAKI,20-24,363
2020,DKI JAKARTA,JAKARTA BARAT,TAMAN SARI,LAKI-LAKI,25-29,1496
2020,DKI JAKARTA,JAKARTA BARAT,TAMAN SARI,LAKI-LAKI,30-34,2969
2020,DKI JAKARTA,JAKARTA BARAT,TAMAN SARI,LAKI-LAKI,35-39,4283
2020,DKI JAKARTA,JAKARTA BARAT,TAMAN SARI,LAKI-LAKI,40-44,4449
2020,DKI JAKARTA,JAKARTA BARAT,TAMAN SARI,LAKI-LAKI,45-49,4126
2020,DKI JAKARTA,JAKARTA BARAT,TAMAN SARI,LAKI-LAKI,50-54,3835
2020,DKI JAKARTA,JAKARTA BARAT,TAMAN SARI,LAKI-LAKI,55-59,3580
2020,DKI JAKARTA,JAKARTA BARAT,TAMAN SARI,LAKI-LAKI,60-64,2752
2020,DKI JAKARTA,JAKARTA BARAT,TAMAN SARI,LAKI-LAKI,65-69,1996
2020,DKI JAKARTA,JAKARTA BARAT,TAMAN SARI,LAKI-LAKI,70-75,1449
2020,DKI JAKARTA,JAKARTA BARAT,TAMAN SARI,LAKI-LAKI,>75,1019
2020,DKI JAKARTA,JAKARTA BARAT,TAMBORA,LAKI-LAKI,<15,4
2020,DKI JAKARTA,JAKARTA BARAT,TAMBORA,LAKI-LAKI,15-19,46
2020,DKI JAKARTA,JAKARTA BARAT,TAMBORA,LAKI-LAKI,20-24,873
2020,DKI JAKARTA,JAKARTA BARAT,TAMBORA,LAKI-LAKI,25-29,3732
2020,DKI JAKARTA,JAKARTA BARAT,TAMBORA,LAKI-LAKI,30-34,7302
2020,DKI JAKARTA,JAKARTA BARAT,TAMBORA,LAKI-LAKI,35-39,10051
2020,DKI JAKARTA,JAKARTA BARAT,TAMBORA,LAKI-LAKI,40-44,10537
2020,DKI JAKARTA,JAKARTA BARAT,TAMBORA,LAKI-LAKI,45-49,9406
2020,DKI JAKARTA,JAKARTA BARAT,TAMBORA,LAKI-LAKI,50-54,8592
2020,DKI JAKARTA,JAKARTA BARAT,TAMBORA,LAKI-LAKI,55-59,6841
2020,DKI JAKARTA,JAKARTA BARAT,TAMBORA,LAKI-LAKI,60-64,4979
2020,DKI JAKARTA,JAKARTA BARAT,TAMBORA,LAKI-LAKI,65-69,3197
2020,DKI JAKARTA,JAKARTA BARAT,TAMBORA,LAKI-LAKI,70-75,2154
2020,DKI JAKARTA,JAKARTA BARAT,TAMBORA,LAKI-LAKI,>75,1367
2020,DKI JAKARTA,JAKARTA BARAT,KEBON JERUK,LAKI-LAKI,<15,2
2020,DKI JAKARTA,JAKARTA BARAT,KEBON JERUK,LAKI-LAKI,15-19,63
2020,DKI JAKARTA,JAKARTA BARAT,KEBON JERUK,LAKI-LAKI,20-24,1014
2020,DKI JAKARTA,JAKARTA BARAT,KEBON JERUK,LAKI-LAKI,25-29,5382
2020,DKI JAKARTA,JAKARTA BARAT,KEBON JERUK,LAKI-LAKI,30-34,10570
2020,DKI JAKARTA,JAKARTA BARAT,KEBON JERUK,LAKI-LAKI,35-39,14568
2020,DKI JAKARTA,JAKARTA BARAT,KEBON JERUK,LAKI-LAKI,40-44,14460
2020,DKI JAKARTA,JAKARTA BARAT,KEBON JERUK,LAKI-LAKI,45-49,12625
2020,DKI JAKARTA,JAKARTA BARAT,KEBON JERUK,LAKI-LAKI,50-54,10461
2020,DKI JAKARTA,JAKARTA BARAT,KEBON JERUK,LAKI-LAKI,55-59,8095
2020,DKI JAKARTA,JAKARTA BARAT,KEBON JERUK,LAKI-LAKI,60-64,5923
2020,DKI JAKARTA,JAKARTA BARAT,KEBON JERUK,LAKI-LAKI,65-69,4181
2020,DKI JAKARTA,JAKARTA BARAT,KEBON JERUK,LAKI-LAKI,70-75,2958
2020,DKI JAKARTA,JAKARTA BARAT,KEBON JERUK,LAKI-LAKI,>75,1773
2020,DKI JAKARTA,JAKARTA BARAT,KALI DERES,LAKI-LAKI,<15,7
2020,DKI JAKARTA,JAKARTA BARAT,KALI DERES,LAKI-LAKI,15-19,154
2020,DKI JAKARTA,JAKARTA BARAT,KALI DERES,LAKI-LAKI,20-24,2316
2020,DKI JAKARTA,JAKARTA BARAT,KALI DERES,LAKI-LAKI,25-29,9107
2020,DKI JAKARTA,JAKARTA BARAT,KALI DERES,LAKI-LAKI,30-34,14830
2020,DKI JAKARTA,JAKARTA BARAT,KALI DERES,LAKI-LAKI,35-39,19645
2020,DKI JAKARTA,JAKARTA BARAT,KALI DERES,LAKI-LAKI,40-44,18758
2020,DKI JAKARTA,JAKARTA BARAT,KALI DERES,LAKI-LAKI,45-49,15953
2020,DKI JAKARTA,JAKARTA BARAT,KALI DERES,LAKI-LAKI,50-54,13493
2020,DKI JAKARTA,JAKARTA BARAT,KALI DERES,LAKI-LAKI,55-59,9598
2020,DKI JAKARTA,JAKARTA BARAT,KALI DERES,LAKI-LAKI,60-64,6083
2020,DKI JAKARTA,JAKARTA BARAT,KALI DERES,LAKI-LAKI,65-69,3360
2020,DKI JAKARTA,JAKARTA BARAT,KALI DERES,LAKI-LAKI,70-75,2059
2020,DKI JAKARTA,JAKARTA BARAT,KALI DERES,LAKI-LAKI,>75,1108
2020,DKI JAKARTA,JAKARTA BARAT,PAL MERAH,LAKI-LAKI,<15,1
2020,DKI JAKARTA,JAKARTA BARAT,PAL MERAH,LAKI-LAKI,15-19,31
2020,DKI JAKARTA,JAKARTA BARAT,PAL MERAH,LAKI-LAKI,20-24,692
2020,DKI JAKARTA,JAKARTA BARAT,PAL MERAH,LAKI-LAKI,25-29,3498
2020,DKI JAKARTA,JAKARTA BARAT,PAL MERAH,LAKI-LAKI,30-34,6396
2020,DKI JAKARTA,JAKARTA BARAT,PAL MERAH,LAKI-LAKI,35-39,8751
2020,DKI JAKARTA,JAKARTA BARAT,PAL MERAH,LAKI-LAKI,40-44,8882
2020,DKI JAKARTA,JAKARTA BARAT,PAL MERAH,LAKI-LAKI,45-49,8181
2020,DKI JAKARTA,JAKARTA BARAT,PAL MERAH,LAKI-LAKI,50-54,7313
2020,DKI JAKARTA,JAKARTA BARAT,PAL MERAH,LAKI-LAKI,55-59,5734
2020,DKI JAKARTA,JAKARTA BARAT,PAL MERAH,LAKI-LAKI,60-64,3909
2020,DKI JAKARTA,JAKARTA BARAT,PAL MERAH,LAKI-LAKI,65-69,2465
2020,DKI JAKARTA,JAKARTA BARAT,PAL MERAH,LAKI-LAKI,70-75,1495
2020,DKI JAKARTA,JAKARTA BARAT,PAL MERAH,LAKI-LAKI,>75,1142
2020,DKI JAKARTA,JAKARTA BARAT,KEMBANGAN,LAKI-LAKI,<15,1
2020,DKI JAKARTA,JAKARTA BARAT,KEMBANGAN,LAKI-LAKI,15-19,56
2020,DKI JAKARTA,JAKARTA BARAT,KEMBANGAN,LAKI-LAKI,20-24,969
2020,DKI JAKARTA,JAKARTA BARAT,KEMBANGAN,LAKI-LAKI,25-29,4738
2020,DKI JAKARTA,JAKARTA BARAT,KEMBANGAN,LAKI-LAKI,30-34,9136
2020,DKI JAKARTA,JAKARTA BARAT,KEMBANGAN,LAKI-LAKI,35-39,12356
2020,DKI JAKARTA,JAKARTA BARAT,KEMBANGAN,LAKI-LAKI,40-44,12367
2020,DKI JAKARTA,JAKARTA BARAT,KEMBANGAN,LAKI-LAKI,45-49,10772
2020,DKI JAKARTA,JAKARTA BARAT,KEMBANGAN,LAKI-LAKI,50-54,9075
2020,DKI JAKARTA,JAKARTA BARAT,KEMBANGAN,LAKI-LAKI,55-59,6577
2020,DKI JAKARTA,JAKARTA BARAT,KEMBANGAN,LAKI-LAKI,60-64,4846
2020,DKI JAKARTA,JAKARTA BARAT,KEMBANGAN,LAKI-LAKI,65-69,3548
2020,DKI JAKARTA,JAKARTA BARAT,KEMBANGAN,LAKI-LAKI,70-75,2329
2020,DKI JAKARTA,JAKARTA BARAT,KEMBANGAN,LAKI-LAKI,>75,1155
2020,DKI JAKARTA,JAKARTA SELATAN,TEBET,LAKI-LAKI,15-19,42
2020,DKI JAKARTA,JAKARTA SELATAN,TEBET,LAKI-LAKI,20-24,682
2020,DKI JAKARTA,JAKARTA SELATAN,TEBET,LAKI-LAKI,25-29,3237
2020,DKI JAKARTA,JAKARTA SELATAN,TEBET,LAKI-LAKI,30-34,5974
2020,DKI JAKARTA,JAKARTA SELATAN,TEBET,LAKI-LAKI,35-39,8411
2020,DKI JAKARTA,JAKARTA SELATAN,TEBET,LAKI-LAKI,40-44,8760
2020,DKI JAKARTA,JAKARTA SELATAN,TEBET,LAKI-LAKI,45-49,8731
2020,DKI JAKARTA,JAKARTA SELATAN,TEBET,LAKI-LAKI,50-54,8071
2020,DKI JAKARTA,JAKARTA SELATAN,TEBET,LAKI-LAKI,55-59,6556
2020,DKI JAKARTA,JAKARTA SELATAN,TEBET,LAKI-LAKI,60-64,4424
2020,DKI JAKARTA,JAKARTA SELATAN,TEBET,LAKI-LAKI,65-69,2888
2020,DKI JAKARTA,JAKARTA SELATAN,TEBET,LAKI-LAKI,70-75,1850
2020,DKI JAKARTA,JAKARTA SELATAN,TEBET,LAKI-LAKI,>75,1416
2020,DKI JAKARTA,JAKARTA SELATAN,SETIA BUDI,LAKI-LAKI,15-19,28
2020,DKI JAKARTA,JAKARTA SELATAN,SETIA BUDI,LAKI-LAKI,20-24,397
2020,DKI JAKARTA,JAKARTA SELATAN,SETIA BUDI,LAKI-LAKI,25-29,1692
2020,DKI JAKARTA,JAKARTA SELATAN,SETIA BUDI,LAKI-LAKI,30-34,3128
2020,DKI JAKARTA,JAKARTA SELATAN,SETIA BUDI,LAKI-LAKI,35-39,4182
2020,DKI JAKARTA,JAKARTA SELATAN,SETIA BUDI,LAKI-LAKI,40-44,4467
2020,DKI JAKARTA,JAKARTA SELATAN,SETIA BUDI,LAKI-LAKI,45-49,4410
2020,DKI JAKARTA,JAKARTA SELATAN,SETIA BUDI,LAKI-LAKI,50-54,3947
2020,DKI JAKARTA,JAKARTA SELATAN,SETIA BUDI,LAKI-LAKI,55-59,3072
2020,DKI JAKARTA,JAKARTA SELATAN,SETIA BUDI,LAKI-LAKI,60-64,2165
2020,DKI JAKARTA,JAKARTA SELATAN,SETIA BUDI,LAKI-LAKI,65-69,1419
2020,DKI JAKARTA,JAKARTA SELATAN,SETIA BUDI,LAKI-LAKI,70-75,862
2020,DKI JAKARTA,JAKARTA SELATAN,SETIA BUDI,LAKI-LAKI,>75,636
2020,DKI JAKARTA,JAKARTA SELATAN,MAMPANG PRAPATAN,LAKI-LAKI,<15,0
2020,DKI JAKARTA,JAKARTA SELATAN,MAMPANG PRAPATAN,LAKI-LAKI,15-19,21
2020,DKI JAKARTA,JAKARTA SELATAN,MAMPANG PRAPATAN,LAKI-LAKI,20-24,485
2020,DKI JAKARTA,JAKARTA SELATAN,MAMPANG PRAPATAN,LAKI-LAKI,25-29,2516
2020,DKI JAKARTA,JAKARTA SELATAN,MAMPANG PRAPATAN,LAKI-LAKI,30-34,4421
2020,DKI JAKARTA,JAKARTA SELATAN,MAMPANG PRAPATAN,LAKI-LAKI,35-39,6078
2020,DKI JAKARTA,JAKARTA SELATAN,MAMPANG PRAPATAN,LAKI-LAKI,40-44,6433
2020,DKI JAKARTA,JAKARTA SELATAN,MAMPANG PRAPATAN,LAKI-LAKI,45-49,5911
2020,DKI JAKARTA,JAKARTA SELATAN,MAMPANG PRAPATAN,LAKI-LAKI,50-54,5318
2020,DKI JAKARTA,JAKARTA SELATAN,MAMPANG PRAPATAN,LAKI-LAKI,55-59,4120
2020,DKI JAKARTA,JAKARTA SELATAN,MAMPANG PRAPATAN,LAKI-LAKI,60-64,2639
2020,DKI JAKARTA,JAKARTA SELATAN,MAMPANG PRAPATAN,LAKI-LAKI,65-69,1656
2020,DKI JAKARTA,JAKARTA SELATAN,MAMPANG PRAPATAN,LAKI-LAKI,70-75,1012
2020,DKI JAKARTA,JAKARTA SELATAN,MAMPANG PRAPATAN,LAKI-LAKI,>75,641
2020,DKI JAKARTA,JAKARTA SELATAN,PASAR MINGGU,LAKI-LAKI,<15,1
2020,DKI JAKARTA,JAKARTA SELATAN,PASAR MINGGU,LAKI-LAKI,15-19,69
2020,DKI JAKARTA,JAKARTA SELATAN,PASAR MINGGU,LAKI-LAKI,20-24,1738
2020,DKI JAKARTA,JAKARTA SELATAN,PASAR MINGGU,LAKI-LAKI,25-29,5673
2020,DKI JAKARTA,JAKARTA SELATAN,PASAR MINGGU,LAKI-LAKI,30-34,9387
2020,DKI JAKARTA,JAKARTA SELATAN,PASAR MINGGU,LAKI-LAKI,35-39,12752
2020,DKI JAKARTA,JAKARTA SELATAN,PASAR MINGGU,LAKI-LAKI,40-44,13278
2020,DKI JAKARTA,JAKARTA SELATAN,PASAR MINGGU,LAKI-LAKI,45-49,12170
2020,DKI JAKARTA,JAKARTA SELATAN,PASAR MINGGU,LAKI-LAKI,50-54,10301
2020,DKI JAKARTA,JAKARTA SELATAN,PASAR MINGGU,LAKI-LAKI,55-59,7812
2020,DKI JAKARTA,JAKARTA SELATAN,PASAR MINGGU,LAKI-LAKI,60-64,5200
2020,DKI JAKARTA,JAKARTA SELATAN,PASAR MINGGU,LAKI-LAKI,65-69,3423
2020,DKI JAKARTA,JAKARTA SELATAN,PASAR MINGGU,LAKI-LAKI,70-75,2236
2020,DKI JAKARTA,JAKARTA SELATAN,PASAR MINGGU,LAKI-LAKI,>75,1600
2020,DKI JAKARTA,JAKARTA SELATAN,KEBAYORAN LAMA,LAKI-LAKI,<15,2
2020,DKI JAKARTA,JAKARTA SELATAN,KEBAYORAN LAMA,LAKI-LAKI,15-19,45
2020,DKI JAKARTA,JAKARTA SELATAN,KEBAYORAN LAMA,LAKI-LAKI,20-24,907
2020,DKI JAKARTA,JAKARTA SELATAN,KEBAYORAN LAMA,LAKI-LAKI,25-29,4699
2020,DKI JAKARTA,JAKARTA SELATAN,KEBAYORAN LAMA,LAKI-LAKI,30-34,8707
2020,DKI JAKARTA,JAKARTA SELATAN,KEBAYORAN LAMA,LAKI-LAKI,35-39,12169
2020,DKI JAKARTA,JAKARTA SELATAN,KEBAYORAN LAMA,LAKI-LAKI,40-44,12932
2020,DKI JAKARTA,JAKARTA SELATAN,KEBAYORAN LAMA,LAKI-LAKI,45-49,12323
2020,DKI JAKARTA,JAKARTA SELATAN,KEBAYORAN LAMA,LAKI-LAKI,50-54,10810
2020,DKI JAKARTA,JAKARTA SELATAN,KEBAYORAN LAMA,LAKI-LAKI,55-59,7998
2020,DKI JAKARTA,JAKARTA SELATAN,KEBAYORAN LAMA,LAKI-LAKI,60-64,5514
2020,DKI JAKARTA,JAKARTA SELATAN,KEBAYORAN LAMA,LAKI-LAKI,65-69,3601
2020,DKI JAKARTA,JAKARTA SELATAN,KEBAYORAN LAMA,LAKI-LAKI,70-75,2605
2020,DKI JAKARTA,JAKARTA SELATAN,KEBAYORAN LAMA,LAKI-LAKI,>75,1836
2020,DKI JAKARTA,JAKARTA SELATAN,CILANDAK,LAKI-LAKI,<15,1
2020,DKI JAKARTA,JAKARTA SELATAN,CILANDAK,LAKI-LAKI,15-19,33
2020,DKI JAKARTA,JAKARTA SELATAN,CILANDAK,LAKI-LAKI,20-24,550
2020,DKI JAKARTA,JAKARTA SELATAN,CILANDAK,LAKI-LAKI,25-29,2897
2020,DKI JAKARTA,JAKARTA SELATAN,CILANDAK,LAKI-LAKI,30-34,5676
2020,DKI JAKARTA,JAKARTA SELATAN,CILANDAK,LAKI-LAKI,35-39,7910
2020,DKI JAKARTA,JAKARTA SELATAN,CILANDAK,LAKI-LAKI,40-44,8623
2020,DKI JAKARTA,JAKARTA SELATAN,CILANDAK,LAKI-LAKI,45-49,8444
2020,DKI JAKARTA,JAKARTA SELATAN,CILANDAK,LAKI-LAKI,50-54,7569
2020,DKI JAKARTA,JAKARTA SELATAN,CILANDAK,LAKI-LAKI,55-59,5909
2020,DKI JAKARTA,JAKARTA SELATAN,CILANDAK,LAKI-LAKI,60-64,3890
2020,DKI JAKARTA,JAKARTA SELATAN,CILANDAK,LAKI-LAKI,65-69,2567
2020,DKI JAKARTA,JAKARTA SELATAN,CILANDAK,LAKI-LAKI,70-75,1666
2020,DKI JAKARTA,JAKARTA SELATAN,CILANDAK,LAKI-LAKI,>75,1421
2020,DKI JAKARTA,JAKARTA SELATAN,KEBAYORAN BARU,LAKI-LAKI,<15,1
2020,DKI JAKARTA,JAKARTA SELATAN,KEBAYORAN BARU,LAKI-LAKI,15-19,19
2020,DKI JAKARTA,JAKARTA SELATAN,KEBAYORAN BARU,LAKI-LAKI,20-24,393
2020,DKI JAKARTA,JAKARTA SELATAN,KEBAYORAN BARU,LAKI-LAKI,25-29,2033
2020,DKI JAKARTA,JAKARTA SELATAN,KEBAYORAN BARU,LAKI-LAKI,30-34,3821
2020,DKI JAKARTA,JAKARTA SELATAN,KEBAYORAN BARU,LAKI-LAKI,35-39,5521
2020,DKI JAKARTA,JAKARTA SELATAN,KEBAYORAN BARU,LAKI-LAKI,40-44,5841
2020,DKI JAKARTA,JAKARTA SELATAN,KEBAYORAN BARU,LAKI-LAKI,45-49,5595
2020,DKI JAKARTA,JAKARTA SELATAN,KEBAYORAN BARU,LAKI-LAKI,50-54,5368
2020,DKI JAKARTA,JAKARTA SELATAN,KEBAYORAN BARU,LAKI-LAKI,55-59,4414
2020,DKI JAKARTA,JAKARTA SELATAN,KEBAYORAN BARU,LAKI-LAKI,60-64,3104
2020,DKI JAKARTA,JAKARTA SELATAN,KEBAYORAN BARU,LAKI-LAKI,65-69,1959
2020,DKI JAKARTA,JAKARTA SELATAN,KEBAYORAN BARU,LAKI-LAKI,70-75,1268
2020,DKI JAKARTA,JAKARTA SELATAN,KEBAYORAN BARU,LAKI-LAKI,>75,1068
2020,DKI JAKARTA,JAKARTA SELATAN,PANCORAN,LAKI-LAKI,<15,1
2020,DKI JAKARTA,JAKARTA SELATAN,PANCORAN,LAKI-LAKI,15-19,24
2020,DKI JAKARTA,JAKARTA SELATAN,PANCORAN,LAKI-LAKI,20-24,470
2020,DKI JAKARTA,JAKARTA SELATAN,PANCORAN,LAKI-LAKI,25-29,2595
2020,DKI JAKARTA,JAKARTA SELATAN,PANCORAN,LAKI-LAKI,30-34,5246
2020,DKI JAKARTA,JAKARTA SELATAN,PANCORAN,LAKI-LAKI,35-39,6755
2020,DKI JAKARTA,JAKARTA SELATAN,PANCORAN,LAKI-LAKI,40-44,7037
2020,DKI JAKARTA,JAKARTA SELATAN,PANCORAN,LAKI-LAKI,45-49,6501
2020,DKI JAKARTA,JAKARTA SELATAN,PANCORAN,LAKI-LAKI,50-54,5768
2020,DKI JAKARTA,JAKARTA SELATAN,PANCORAN,LAKI-LAKI,55-59,4273
2020,DKI JAKARTA,JAKARTA SELATAN,PANCORAN,LAKI-LAKI,60-64,2787
2020,DKI JAKARTA,JAKARTA SELATAN,PANCORAN,LAKI-LAKI,65-69,1760
2020,DKI JAKARTA,JAKARTA SELATAN,PANCORAN,LAKI-LAKI,70-75,1295
2020,DKI JAKARTA,JAKARTA SELATAN,PANCORAN,LAKI-LAKI,>75,976
2020,DKI JAKARTA,JAKARTA SELATAN,JAGAKARSA,LAKI-LAKI,<15,0
2020,DKI JAKARTA,JAKARTA SELATAN,JAGAKARSA,LAKI-LAKI,15-19,66
2020,DKI JAKARTA,JAKARTA SELATAN,JAGAKARSA,LAKI-LAKI,20-24,1407
2020,DKI JAKARTA,JAKARTA SELATAN,JAGAKARSA,LAKI-LAKI,25-29,6113
2020,DKI JAKARTA,JAKARTA SELATAN,JAGAKARSA,LAKI-LAKI,30-34,10554
2020,DKI JAKARTA,JAKARTA SELATAN,JAGAKARSA,LAKI-LAKI,35-39,13925
2020,DKI JAKARTA,JAKARTA SELATAN,JAGAKARSA,LAKI-LAKI,40-44,14335
2020,DKI JAKARTA,JAKARTA SELATAN,JAGAKARSA,LAKI-LAKI,45-49,13433
2020,DKI JAKARTA,JAKARTA SELATAN,JAGAKARSA,LAKI-LAKI,50-54,11142
2020,DKI JAKARTA,JAKARTA SELATAN,JAGAKARSA,LAKI-LAKI,55-59,8303
2020,DKI JAKARTA,JAKARTA SELATAN,JAGAKARSA,LAKI-LAKI,60-64,5605
2020,DKI JAKARTA,JAKARTA SELATAN,JAGAKARSA,LAKI-LAKI,65-69,3574
2020,DKI JAKARTA,JAKARTA SELATAN,JAGAKARSA,LAKI-LAKI,70-75,2166
2020,DKI JAKARTA,JAKARTA SELATAN,JAGAKARSA,LAKI-LAKI,>75,1324
2020,DKI JAKARTA,JAKARTA SELATAN,PESANGGRAHAN,LAKI-LAKI,<15,2
2020,DKI JAKARTA,JAKARTA SELATAN,PESANGGRAHAN,LAKI-LAKI,15-19,43
2020,DKI JAKARTA,JAKARTA SELATAN,PESANGGRAHAN,LAKI-LAKI,20-24,922
2020,DKI JAKARTA,JAKARTA SELATAN,PESANGGRAHAN,LAKI-LAKI,25-29,4015
2020,DKI JAKARTA,JAKARTA SELATAN,PESANGGRAHAN,LAKI-LAKI,30-34,7370
2020,DKI JAKARTA,JAKARTA SELATAN,PESANGGRAHAN,LAKI-LAKI,35-39,9969
2020,DKI JAKARTA,JAKARTA SELATAN,PESANGGRAHAN,LAKI-LAKI,40-44,10711
2020,DKI JAKARTA,JAKARTA SELATAN,PESANGGRAHAN,LAKI-LAKI,45-49,9676
2020,DKI JAKARTA,JAKARTA SELATAN,PESANGGRAHAN,LAKI-LAKI,50-54,8176
2020,DKI JAKARTA,JAKARTA SELATAN,PESANGGRAHAN,LAKI-LAKI,55-59,5710
2020,DKI JAKARTA,JAKARTA SELATAN,PESANGGRAHAN,LAKI-LAKI,60-64,4085
2020,DKI JAKARTA,JAKARTA SELATAN,PESANGGRAHAN,LAKI-LAKI,65-69,2911
2020,DKI JAKARTA,JAKARTA SELATAN,PESANGGRAHAN,LAKI-LAKI,70-75,1888
2020,DKI JAKARTA,JAKARTA SELATAN,PESANGGRAHAN,LAKI-LAKI,>75,1127
2020,DKI JAKARTA,JAKARTA TIMUR,MATRAMAN,LAKI-LAKI,<15,0
2020,DKI JAKARTA,JAKARTA TIMUR,MATRAMAN,LAKI-LAKI,15-19,52
2020,DKI JAKARTA,JAKARTA TIMUR,MATRAMAN,LAKI-LAKI,20-24,766
2020,DKI JAKARTA,JAKARTA TIMUR,MATRAMAN,LAKI-LAKI,25-29,2945
2020,DKI JAKARTA,JAKARTA TIMUR,MATRAMAN,LAKI-LAKI,30-34,5206
2020,DKI JAKARTA,JAKARTA TIMUR,MATRAMAN,LAKI-LAKI,35-39,6572
2020,DKI JAKARTA,JAKARTA TIMUR,MATRAMAN,LAKI-LAKI,40-44,6900
2020,DKI JAKARTA,JAKARTA TIMUR,MATRAMAN,LAKI-LAKI,45-49,6857
2020,DKI JAKARTA,JAKARTA TIMUR,MATRAMAN,LAKI-LAKI,50-54,6397
2020,DKI JAKARTA,JAKARTA TIMUR,MATRAMAN,LAKI-LAKI,55-59,5249
2020,DKI JAKARTA,JAKARTA TIMUR,MATRAMAN,LAKI-LAKI,60-64,3639
2020,DKI JAKARTA,JAKARTA TIMUR,MATRAMAN,LAKI-LAKI,65-69,2314
2020,DKI JAKARTA,JAKARTA TIMUR,MATRAMAN,LAKI-LAKI,70-75,1385
2020,DKI JAKARTA,JAKARTA TIMUR,MATRAMAN,LAKI-LAKI,>75,945
2020,DKI JAKARTA,JAKARTA TIMUR,PULO GADUNG,LAKI-LAKI,<15,1
2020,DKI JAKARTA,JAKARTA TIMUR,PULO GADUNG,LAKI-LAKI,15-19,78
2020,DKI JAKARTA,JAKARTA TIMUR,PULO GADUNG,LAKI-LAKI,20-24,1132
2020,DKI JAKARTA,JAKARTA TIMUR,PULO GADUNG,LAKI-LAKI,25-29,4803
2020,DKI JAKARTA,JAKARTA TIMUR,PULO GADUNG,LAKI-LAKI,30-34,8398
2020,DKI JAKARTA,JAKARTA TIMUR,PULO GADUNG,LAKI-LAKI,35-39,11313
2020,DKI JAKARTA,JAKARTA TIMUR,PULO GADUNG,LAKI-LAKI,40-44,11721
2020,DKI JAKARTA,JAKARTA TIMUR,PULO GADUNG,LAKI-LAKI,45-49,11395
2020,DKI JAKARTA,JAKARTA TIMUR,PULO GADUNG,LAKI-LAKI,50-54,10111
2020,DKI JAKARTA,JAKARTA TIMUR,PULO GADUNG,LAKI-LAKI,55-59,7993
2020,DKI JAKARTA,JAKARTA TIMUR,PULO GADUNG,LAKI-LAKI,60-64,5255
2020,DKI JAKARTA,JAKARTA TIMUR,PULO GADUNG,LAKI-LAKI,65-69,3374
2020,DKI JAKARTA,JAKARTA TIMUR,PULO GADUNG,LAKI-LAKI,70-75,2350
2020,DKI JAKARTA,JAKARTA TIMUR,PULO GADUNG,LAKI-LAKI,>75,1940
2020,DKI JAKARTA,JAKARTA TIMUR,JATINEGARA,LAKI-LAKI,<15,7
2020,DKI JAKARTA,JAKARTA TIMUR,JATINEGARA,LAKI-LAKI,15-19,84
2020,DKI JAKARTA,JAKARTA TIMUR,JATINEGARA,LAKI-LAKI,20-24,1293
2020,DKI JAKARTA,JAKARTA TIMUR,JATINEGARA,LAKI-LAKI,25-29,5213
2020,DKI JAKARTA,JAKARTA TIMUR,JATINEGARA,LAKI-LAKI,30-34,9222
2020,DKI JAKARTA,JAKARTA TIMUR,JATINEGARA,LAKI-LAKI,35-39,12021
2020,DKI JAKARTA,JAKARTA TIMUR,JATINEGARA,LAKI-LAKI,40-44,12318
2020,DKI JAKARTA,JAKARTA TIMUR,JATINEGARA,LAKI-LAKI,45-49,11389
2020,DKI JAKARTA,JAKARTA TIMUR,JATINEGARA,LAKI-LAKI,50-54,9944
2020,DKI JAKARTA,JAKARTA TIMUR,JATINEGARA,LAKI-LAKI,55-59,8216
2020,DKI JAKARTA,JAKARTA TIMUR,JATINEGARA,LAKI-LAKI,60-64,5832
2020,DKI JAKARTA,JAKARTA TIMUR,JATINEGARA,LAKI-LAKI,65-69,3850
2020,DKI JAKARTA,JAKARTA TIMUR,JATINEGARA,LAKI-LAKI,70-75,2554
2020,DKI JAKARTA,JAKARTA TIMUR,JATINEGARA,LAKI-LAKI,>75,1629
2020,DKI JAKARTA,JAKARTA TIMUR,KRAMATJATI,LAKI-LAKI,<15,2
2020,DKI JAKARTA,JAKARTA TIMUR,KRAMATJATI,LAKI-LAKI,15-19,79
2020,DKI JAKARTA,JAKARTA TIMUR,KRAMATJATI,LAKI-LAKI,20-24,1285
2020,DKI JAKARTA,JAKARTA TIMUR,KRAMATJATI,LAKI-LAKI,25-29,5511
2020,DKI JAKARTA,JAKARTA TIMUR,KRAMATJATI,LAKI-LAKI,30-34,9482
2020,DKI JAKARTA,JAKARTA TIMUR,KRAMATJATI,LAKI-LAKI,35-39,12175
2020,DKI JAKARTA,JAKARTA TIMUR,KRAMATJATI,LAKI-LAKI,40-44,12448
2020,DKI JAKARTA,JAKARTA TIMUR,KRAMATJATI,LAKI-LAKI,45-49,11083
2020,DKI JAKARTA,JAKARTA TIMUR,KRAMATJATI,LAKI-LAKI,50-54,9524
2020,DKI JAKARTA,JAKARTA TIMUR,KRAMATJATI,LAKI-LAKI,55-59,7364
2020,DKI JAKARTA,JAKARTA TIMUR,KRAMATJATI,LAKI-LAKI,60-64,5153
2020,DKI JAKARTA,JAKARTA TIMUR,KRAMATJATI,LAKI-LAKI,65-69,3350
2020,DKI JAKARTA,JAKARTA TIMUR,KRAMATJATI,LAKI-LAKI,70-75,2033
2020,DKI JAKARTA,JAKARTA TIMUR,KRAMATJATI,LAKI-LAKI,>75,1168
2020,DKI JAKARTA,JAKARTA TIMUR,PASAR REBO,LAKI-LAKI,<15,1
2020,DKI JAKARTA,JAKARTA TIMUR,PASAR REBO,LAKI-LAKI,15-19,37
2020,DKI JAKARTA,JAKARTA TIMUR,PASAR REBO,LAKI-LAKI,20-24,1159
2020,DKI JAKARTA,JAKARTA TIMUR,PASAR REBO,LAKI-LAKI,25-29,4302
2020,DKI JAKARTA,JAKARTA TIMUR,PASAR REBO,LAKI-LAKI,30-34,7313
2020,DKI JAKARTA,JAKARTA TIMUR,PASAR REBO,LAKI-LAKI,35-39,9186
2020,DKI JAKARTA,JAKARTA TIMUR,PASAR REBO,LAKI-LAKI,40-44,9222
2020,DKI JAKARTA,JAKARTA TIMUR,PASAR REBO,LAKI-LAKI,45-49,8151
2020,DKI JAKARTA,JAKARTA TIMUR,PASAR REBO,LAKI-LAKI,50-54,6908
2020,DKI JAKARTA,JAKARTA TIMUR,PASAR REBO,LAKI-LAKI,55-59,5309
2020,DKI JAKARTA,JAKARTA TIMUR,PASAR REBO,LAKI-LAKI,60-64,4010
2020,DKI JAKARTA,JAKARTA TIMUR,PASAR REBO,LAKI-LAKI,65-69,2468
2020,DKI JAKARTA,JAKARTA TIMUR,PASAR REBO,LAKI-LAKI,70-75,1317
2020,DKI JAKARTA,JAKARTA TIMUR,PASAR REBO,LAKI-LAKI,>75,757
2020,DKI JAKARTA,JAKARTA TIMUR,CAKUNG,LAKI-LAKI,<15,11
2020,DKI JAKARTA,JAKARTA TIMUR,CAKUNG,LAKI-LAKI,15-19,208
2020,DKI JAKARTA,JAKARTA TIMUR,CAKUNG,LAKI-LAKI,20-24,2882
2020,DKI JAKARTA,JAKARTA TIMUR,CAKUNG,LAKI-LAKI,25-29,11151
2020,DKI JAKARTA,JAKARTA TIMUR,CAKUNG,LAKI-LAKI,30-34,19062
2020,DKI JAKARTA,JAKARTA TIMUR,CAKUNG,LAKI-LAKI,35-39,25312
2020,DKI JAKARTA,JAKARTA TIMUR,CAKUNG,LAKI-LAKI,40-44,23507
2020,DKI JAKARTA,JAKARTA TIMUR,CAKUNG,LAKI-LAKI,45-49,20536
2020,DKI JAKARTA,JAKARTA TIMUR,CAKUNG,LAKI-LAKI,50-54,16974
2020,DKI JAKARTA,JAKARTA TIMUR,CAKUNG,LAKI-LAKI,55-59,11809
2020,DKI JAKARTA,JAKARTA TIMUR,CAKUNG,LAKI-LAKI,60-64,8420
2020,DKI JAKARTA,JAKARTA TIMUR,CAKUNG,LAKI-LAKI,65-69,5405
2020,DKI JAKARTA,JAKARTA TIMUR,CAKUNG,LAKI-LAKI,70-75,2762
2020,DKI JAKARTA,JAKARTA TIMUR,CAKUNG,LAKI-LAKI,>75,1243
2020,DKI JAKARTA,JAKARTA TIMUR,DUREN SAWIT,LAKI-LAKI,<15,3
2020,DKI JAKARTA,JAKARTA TIMUR,DUREN SAWIT,LAKI-LAKI,15-19,94
2020,DKI JAKARTA,JAKARTA TIMUR,DUREN SAWIT,LAKI-LAKI,20-24,1190
2020,DKI JAKARTA,JAKARTA TIMUR,DUREN SAWIT,LAKI-LAKI,25-29,6122
2020,DKI JAKARTA,JAKARTA TIMUR,DUREN SAWIT,LAKI-LAKI,30-34,12307
2020,DKI JAKARTA,JAKARTA TIMUR,DUREN SAWIT,LAKI-LAKI,35-39,17008
2020,DKI JAKARTA,JAKARTA TIMUR,DUREN SAWIT,LAKI-LAKI,40-44,17619
2020,DKI JAKARTA,JAKARTA TIMUR,DUREN SAWIT,LAKI-LAKI,45-49,16246
2020,DKI JAKARTA,JAKARTA TIMUR,DUREN SAWIT,LAKI-LAKI,50-54,13249
2020,DKI JAKARTA,JAKARTA TIMUR,DUREN SAWIT,LAKI-LAKI,55-59,9584
2020,DKI JAKARTA,JAKARTA TIMUR,DUREN SAWIT,LAKI-LAKI,60-64,7133
2020,DKI JAKARTA,JAKARTA TIMUR,DUREN SAWIT,LAKI-LAKI,65-69,5510
2020,DKI JAKARTA,JAKARTA TIMUR,DUREN SAWIT,LAKI-LAKI,70-75,4022
2020,DKI JAKARTA,JAKARTA TIMUR,DUREN SAWIT,LAKI-LAKI,>75,2419
2020,DKI JAKARTA,JAKARTA TIMUR,MAKASAR,LAKI-LAKI,<15,2
2020,DKI JAKARTA,JAKARTA TIMUR,MAKASAR,LAKI-LAKI,15-19,57
2020,DKI JAKARTA,JAKARTA TIMUR,MAKASAR,LAKI-LAKI,20-24,796
2020,DKI JAKARTA,JAKARTA TIMUR,MAKASAR,LAKI-LAKI,25-29,3764
2020,DKI JAKARTA,JAKARTA TIMUR,MAKASAR,LAKI-LAKI,30-34,6695
2020,DKI JAKARTA,JAKARTA TIMUR,MAKASAR,LAKI-LAKI,35-39,8508
2020,DKI JAKARTA,JAKARTA TIMUR,MAKASAR,LAKI-LAKI,40-44,8796
2020,DKI JAKARTA,JAKARTA TIMUR,MAKASAR,LAKI-LAKI,45-49,8215
2020,DKI JAKARTA,JAKARTA TIMUR,MAKASAR,LAKI-LAKI,50-54,6850
2020,DKI JAKARTA,JAKARTA TIMUR,MAKASAR,LAKI-LAKI,55-59,5258
2020,DKI JAKARTA,JAKARTA TIMUR,MAKASAR,LAKI-LAKI,60-64,3570
2020,DKI JAKARTA,JAKARTA TIMUR,MAKASAR,LAKI-LAKI,65-69,2506
2020,DKI JAKARTA,JAKARTA TIMUR,MAKASAR,LAKI-LAKI,70-75,1487
2020,DKI JAKARTA,JAKARTA TIMUR,MAKASAR,LAKI-LAKI,>75,852
2020,DKI JAKARTA,JAKARTA TIMUR,CIRACAS,LAKI-LAKI,<15,2
2020,DKI JAKARTA,JAKARTA TIMUR,CIRACAS,LAKI-LAKI,15-19,85
2020,DKI JAKARTA,JAKARTA TIMUR,CIRACAS,LAKI-LAKI,20-24,1466
2020,DKI JAKARTA,JAKARTA TIMUR,CIRACAS,LAKI-LAKI,25-29,5813
2020,DKI JAKARTA,JAKARTA TIMUR,CIRACAS,LAKI-LAKI,30-34,9761
2020,DKI JAKARTA,JAKARTA TIMUR,CIRACAS,LAKI-LAKI,35-39,12852
2020,DKI JAKARTA,JAKARTA TIMUR,CIRACAS,LAKI-LAKI,40-44,12442
2020,DKI JAKARTA,JAKARTA TIMUR,CIRACAS,LAKI-LAKI,45-49,10870
2020,DKI JAKARTA,JAKARTA TIMUR,CIRACAS,LAKI-LAKI,50-54,9556
2020,DKI JAKARTA,JAKARTA TIMUR,CIRACAS,LAKI-LAKI,55-59,7174
2020,DKI JAKARTA,JAKARTA TIMUR,CIRACAS,LAKI-LAKI,60-64,5268
2020,DKI JAKARTA,JAKARTA TIMUR,CIRACAS,LAKI-LAKI,65-69,3627
2020,DKI JAKARTA,JAKARTA TIMUR,CIRACAS,LAKI-LAKI,70-75,1996
2020,DKI JAKARTA,JAKARTA TIMUR,CIRACAS,LAKI-LAKI,>75,994
2020,DKI JAKARTA,JAKARTA TIMUR,CIPAYUNG,LAKI-LAKI,<15,2
2020,DKI JAKARTA,JAKARTA TIMUR,CIPAYUNG,LAKI-LAKI,15-19,73
2020,DKI JAKARTA,JAKARTA TIMUR,CIPAYUNG,LAKI-LAKI,20-24,1149
2020,DKI JAKARTA,JAKARTA TIMUR,CIPAYUNG,LAKI-LAKI,25-29,5542
2020,DKI JAKARTA,JAKARTA TIMUR,CIPAYUNG,LAKI-LAKI,30-34,8984
2020,DKI JAKARTA,JAKARTA TIMUR,CIPAYUNG,LAKI-LAKI,35-39,11244
2020,DKI JAKARTA,JAKARTA TIMUR,CIPAYUNG,LAKI-LAKI,40-44,11523
2020,DKI JAKARTA,JAKARTA TIMUR,CIPAYUNG,LAKI-LAKI,45-49,10225
2020,DKI JAKARTA,JAKARTA TIMUR,CIPAYUNG,LAKI-LAKI,50-54,8646
2020,DKI JAKARTA,JAKARTA TIMUR,CIPAYUNG,LAKI-LAKI,55-59,6717
2020,DKI JAKARTA,JAKARTA TIMUR,CIPAYUNG,LAKI-LAKI,60-64,4533
2020,DKI JAKARTA,JAKARTA TIMUR,CIPAYUNG,LAKI-LAKI,65-69,2966
2020,DKI JAKARTA,JAKARTA TIMUR,CIPAYUNG,LAKI-LAKI,70-75,1572
2020,DKI JAKARTA,JAKARTA TIMUR,CIPAYUNG,LAKI-LAKI,>75,821
2020,DKI JAKARTA,ADM. KEPULAUAN SERIBU,KEPULAUAN SERIBU UTARA,PEREMPUAN,<15,0
2020,DKI JAKARTA,ADM. KEPULAUAN SERIBU,KEPULAUAN SERIBU UTARA,PEREMPUAN,15-19,1
2020,DKI JAKARTA,ADM. KEPULAUAN SERIBU,KEPULAUAN SERIBU UTARA,PEREMPUAN,20-24,12
2020,DKI JAKARTA,ADM. KEPULAUAN SERIBU,KEPULAUAN SERIBU UTARA,PEREMPUAN,25-29,23
2020,DKI JAKARTA,ADM. KEPULAUAN SERIBU,KEPULAUAN SERIBU UTARA,PEREMPUAN,30-34,50
2020,DKI JAKARTA,ADM. KEPULAUAN SERIBU,KEPULAUAN SERIBU UTARA,PEREMPUAN,35-39,55
2020,DKI JAKARTA,ADM. KEPULAUAN SERIBU,KEPULAUAN SERIBU UTARA,PEREMPUAN,40-44,68
2020,DKI JAKARTA,ADM. KEPULAUAN SERIBU,KEPULAUAN SERIBU UTARA,PEREMPUAN,45-49,83
2020,DKI JAKARTA,ADM. KEPULAUAN SERIBU,KEPULAUAN SERIBU UTARA,PEREMPUAN,50-54,81
2020,DKI JAKARTA,ADM. KEPULAUAN SERIBU,KEPULAUAN SERIBU UTARA,PEREMPUAN,55-59,107
2020,DKI JAKARTA,ADM. KEPULAUAN SERIBU,KEPULAUAN SERIBU UTARA,PEREMPUAN,60-64,96
2020,DKI JAKARTA,ADM. KEPULAUAN SERIBU,KEPULAUAN SERIBU UTARA,PEREMPUAN,65-69,58
2020,DKI JAKARTA,ADM. KEPULAUAN SERIBU,KEPULAUAN SERIBU UTARA,PEREMPUAN,70-75,63
2020,DKI JAKARTA,ADM. KEPULAUAN SERIBU,KEPULAUAN SERIBU UTARA,PEREMPUAN,>75,40
2020,DKI JAKARTA,ADM. KEPULAUAN SERIBU,KEPULAUAN SERIBU SELATAN,PEREMPUAN,15-19,1
2020,DKI JAKARTA,ADM. KEPULAUAN SERIBU,KEPULAUAN SERIBU SELATAN,PEREMPUAN,20-24,11
2020,DKI JAKARTA,ADM. KEPULAUAN SERIBU,KEPULAUAN SERIBU SELATAN,PEREMPUAN,25-29,23
2020,DKI JAKARTA,ADM. KEPULAUAN SERIBU,KEPULAUAN SERIBU SELATAN,PEREMPUAN,30-34,29
2020,DKI JAKARTA,ADM. KEPULAUAN SERIBU,KEPULAUAN SERIBU SELATAN,PEREMPUAN,35-39,43
2020,DKI JAKARTA,ADM. KEPULAUAN SERIBU,KEPULAUAN SERIBU SELATAN,PEREMPUAN,40-44,43
2020,DKI JAKARTA,ADM. KEPULAUAN SERIBU,KEPULAUAN SERIBU SELATAN,PEREMPUAN,45-49,54
2020,DKI JAKARTA,ADM. KEPULAUAN SERIBU,KEPULAUAN SERIBU SELATAN,PEREMPUAN,50-54,67
2020,DKI JAKARTA,ADM. KEPULAUAN SERIBU,KEPULAUAN SERIBU SELATAN,PEREMPUAN,55-59,79
2020,DKI JAKARTA,ADM. KEPULAUAN SERIBU,KEPULAUAN SERIBU SELATAN,PEREMPUAN,60-64,57
2020,DKI JAKARTA,ADM. KEPULAUAN SERIBU,KEPULAUAN SERIBU SELATAN,PEREMPUAN,65-69,44
2020,DKI JAKARTA,ADM. KEPULAUAN SERIBU,KEPULAUAN SERIBU SELATAN,PEREMPUAN,70-75,57
2020,DKI JAKARTA,ADM. KEPULAUAN SERIBU,KEPULAUAN SERIBU SELATAN,PEREMPUAN,>75,22
2020,DKI JAKARTA,JAKARTA PUSAT,GAMBIR,PEREMPUAN,<15,5
2020,DKI JAKARTA,JAKARTA PUSAT,GAMBIR,PEREMPUAN,15-19,54
2020,DKI JAKARTA,JAKARTA PUSAT,GAMBIR,PEREMPUAN,20-24,151
2020,DKI JAKARTA,JAKARTA PUSAT,GAMBIR,PEREMPUAN,25-29,322
2020,DKI JAKARTA,JAKARTA PUSAT,GAMBIR,PEREMPUAN,30-34,387
2020,DKI JAKARTA,JAKARTA PUSAT,GAMBIR,PEREMPUAN,35-39,583
2020,DKI JAKARTA,JAKARTA PUSAT,GAMBIR,PEREMPUAN,40-44,692
2020,DKI JAKARTA,JAKARTA PUSAT,GAMBIR,PEREMPUAN,45-49,831
2020,DKI JAKARTA,JAKARTA PUSAT,GAMBIR,PEREMPUAN,50-54,882
2020,DKI JAKARTA,JAKARTA PUSAT,GAMBIR,PEREMPUAN,55-59,1028
2020,DKI JAKARTA,JAKARTA PUSAT,GAMBIR,PEREMPUAN,60-64,1112
2020,DKI JAKARTA,JAKARTA PUSAT,GAMBIR,PEREMPUAN,65-69,926
2020,DKI JAKARTA,JAKARTA PUSAT,GAMBIR,PEREMPUAN,70-75,789
2020,DKI JAKARTA,JAKARTA PUSAT,GAMBIR,PEREMPUAN,>75,1151
2020,DKI JAKARTA,JAKARTA PUSAT,SAWAH BESAR,PEREMPUAN,<15,6
2020,DKI JAKARTA,JAKARTA PUSAT,SAWAH BESAR,PEREMPUAN,15-19,65
2020,DKI JAKARTA,JAKARTA PUSAT,SAWAH BESAR,PEREMPUAN,20-24,214
2020,DKI JAKARTA,JAKARTA PUSAT,SAWAH BESAR,PEREMPUAN,25-29,477
2020,DKI JAKARTA,JAKARTA PUSAT,SAWAH BESAR,PEREMPUAN,30-34,695
2020,DKI JAKARTA,JAKARTA PUSAT,SAWAH BESAR,PEREMPUAN,35-39,919
2020,DKI JAKARTA,JAKARTA PUSAT,SAWAH BESAR,PEREMPUAN,40-44,1022
2020,DKI JAKARTA,JAKARTA PUSAT,SAWAH BESAR,PEREMPUAN,45-49,1135
2020,DKI JAKARTA,JAKARTA PUSAT,SAWAH BESAR,PEREMPUAN,50-54,1305
2020,DKI JAKARTA,JAKARTA PUSAT,SAWAH BESAR,PEREMPUAN,55-59,1520
2020,DKI JAKARTA,JAKARTA PUSAT,SAWAH BESAR,PEREMPUAN,60-64,1426
2020,DKI JAKARTA,JAKARTA PUSAT,SAWAH BESAR,PEREMPUAN,65-69,1234
2020,DKI JAKARTA,JAKARTA PUSAT,SAWAH BESAR,PEREMPUAN,70-75,1125
2020,DKI JAKARTA,JAKARTA PUSAT,SAWAH BESAR,PEREMPUAN,>75,1443
2020,DKI JAKARTA,JAKARTA PUSAT,KEMAYORAN,PEREMPUAN,<15,20
2020,DKI JAKARTA,JAKARTA PUSAT,KEMAYORAN,PEREMPUAN,15-19,115
2020,DKI JAKARTA,JAKARTA PUSAT,KEMAYORAN,PEREMPUAN,20-24,439
2020,DKI JAKARTA,JAKARTA PUSAT,KEMAYORAN,PEREMPUAN,25-29,893
2020,DKI JAKARTA,JAKARTA PUSAT,KEMAYORAN,PEREMPUAN,30-34,1108
2020,DKI JAKARTA,JAKARTA PUSAT,KEMAYORAN,PEREMPUAN,35-39,1544
2020,DKI JAKARTA,JAKARTA PUSAT,KEMAYORAN,PEREMPUAN,40-44,1847
2020,DKI JAKARTA,JAKARTA PUSAT,KEMAYORAN,PEREMPUAN,45-49,2088
2020,DKI JAKARTA,JAKARTA PUSAT,KEMAYORAN,PEREMPUAN,50-54,2349
2020,DKI JAKARTA,JAKARTA PUSAT,KEMAYORAN,PEREMPUAN,55-59,2514
2020,DKI JAKARTA,JAKARTA PUSAT,KEMAYORAN,PEREMPUAN,60-64,2312
2020,DKI JAKARTA,JAKARTA PUSAT,KEMAYORAN,PEREMPUAN,65-69,1922
2020,DKI JAKARTA,JAKARTA PUSAT,KEMAYORAN,PEREMPUAN,70-75,1835
2020,DKI JAKARTA,JAKARTA PUSAT,KEMAYORAN,PEREMPUAN,>75,1652
2020,DKI JAKARTA,JAKARTA PUSAT,S E N E N,PEREMPUAN,<15,11
2020,DKI JAKARTA,JAKARTA PUSAT,S E N E N,PEREMPUAN,15-19,86
2020,DKI JAKARTA,JAKARTA PUSAT,S E N E N,PEREMPUAN,20-24,226
2020,DKI JAKARTA,JAKARTA PUSAT,S E N E N,PEREMPUAN,25-29,498
2020,DKI JAKARTA,JAKARTA PUSAT,S E N E N,PEREMPUAN,30-34,605
2020,DKI JAKARTA,JAKARTA PUSAT,S E N E N,PEREMPUAN,35-39,839
2020,DKI JAKARTA,JAKARTA PUSAT,S E N E N,PEREMPUAN,40-44,971
2020,DKI JAKARTA,JAKARTA PUSAT,S E N E N,PEREMPUAN,45-49,1020
2020,DKI JAKARTA,JAKARTA PUSAT,S E N E N,PEREMPUAN,50-54,1279
2020,DKI JAKARTA,JAKARTA PUSAT,S E N E N,PEREMPUAN,55-59,1453
2020,DKI JAKARTA,JAKARTA PUSAT,S E N E N,PEREMPUAN,60-64,1294
2020,DKI JAKARTA,JAKARTA PUSAT,S E N E N,PEREMPUAN,65-69,1064
2020,DKI JAKARTA,JAKARTA PUSAT,S E N E N,PEREMPUAN,70-75,921
2020,DKI JAKARTA,JAKARTA PUSAT,S E N E N,PEREMPUAN,>75,1053
2020,DKI JAKARTA,JAKARTA PUSAT,CEMPAKA PUTIH,PEREMPUAN,<15,3
2020,DKI JAKARTA,JAKARTA PUSAT,CEMPAKA PUTIH,PEREMPUAN,15-19,43
2020,DKI JAKARTA,JAKARTA PUSAT,CEMPAKA PUTIH,PEREMPUAN,20-24,154
2020,DKI JAKARTA,JAKARTA PUSAT,CEMPAKA PUTIH,PEREMPUAN,25-29,294
2020,DKI JAKARTA,JAKARTA PUSAT,CEMPAKA PUTIH,PEREMPUAN,30-34,418
2020,DKI JAKARTA,JAKARTA PUSAT,CEMPAKA PUTIH,PEREMPUAN,35-39,560
2020,DKI JAKARTA,JAKARTA PUSAT,CEMPAKA PUTIH,PEREMPUAN,40-44,689
2020,DKI JAKARTA,JAKARTA PUSAT,CEMPAKA PUTIH,PEREMPUAN,45-49,812
2020,DKI JAKARTA,JAKARTA PUSAT,CEMPAKA PUTIH,PEREMPUAN,50-54,909
2020,DKI JAKARTA,JAKARTA PUSAT,CEMPAKA PUTIH,PEREMPUAN,55-59,950
2020,DKI JAKARTA,JAKARTA PUSAT,CEMPAKA PUTIH,PEREMPUAN,60-64,850
2020,DKI JAKARTA,JAKARTA PUSAT,CEMPAKA PUTIH,PEREMPUAN,65-69,702
2020,DKI JAKARTA,JAKARTA PUSAT,CEMPAKA PUTIH,PEREMPUAN,70-75,754
2020,DKI JAKARTA,JAKARTA PUSAT,CEMPAKA PUTIH,PEREMPUAN,>75,837
2020,DKI JAKARTA,JAKARTA PUSAT,MENTENG,PEREMPUAN,<15,11
2020,DKI JAKARTA,JAKARTA PUSAT,MENTENG,PEREMPUAN,15-19,31
2020,DKI JAKARTA,JAKARTA PUSAT,MENTENG,PEREMPUAN,20-24,94
2020,DKI JAKARTA,JAKARTA PUSAT,MENTENG,PEREMPUAN,25-29,251
2020,DKI JAKARTA,JAKARTA PUSAT,MENTENG,PEREMPUAN,30-34,300
2020,DKI JAKARTA,JAKARTA PUSAT,MENTENG,PEREMPUAN,35-39,455
2020,DKI JAKARTA,JAKARTA PUSAT,MENTENG,PEREMPUAN,40-44,573
2020,DKI JAKARTA,JAKARTA PUSAT,MENTENG,PEREMPUAN,45-49,669
2020,DKI JAKARTA,JAKARTA PUSAT,MENTENG,PEREMPUAN,50-54,844
2020,DKI JAKARTA,JAKARTA PUSAT,MENTENG,PEREMPUAN,55-59,1005
2020,DKI JAKARTA,JAKARTA PUSAT,MENTENG,PEREMPUAN,60-64,877
2020,DKI JAKARTA,JAKARTA PUSAT,MENTENG,PEREMPUAN,65-69,806
2020,DKI JAKARTA,JAKARTA PUSAT,MENTENG,PEREMPUAN,70-75,678
2020,DKI JAKARTA,JAKARTA PUSAT,MENTENG,PEREMPUAN,>75,832
2020,DKI JAKARTA,JAKARTA PUSAT,TANAH ABANG,PEREMPUAN,<15,16
2020,DKI JAKARTA,JAKARTA PUSAT,TANAH ABANG,PEREMPUAN,15-19,142
2020,DKI JAKARTA,JAKARTA PUSAT,TANAH ABANG,PEREMPUAN,20-24,396
2020,DKI JAKARTA,JAKARTA PUSAT,TANAH ABANG,PEREMPUAN,25-29,698
2020,DKI JAKARTA,JAKARTA PUSAT,TANAH ABANG,PEREMPUAN,30-34,889
2020,DKI JAKARTA,JAKARTA PUSAT,TANAH ABANG,PEREMPUAN,35-39,1258
2020,DKI JAKARTA,JAKARTA PUSAT,TANAH ABANG,PEREMPUAN,40-44,1391
2020,DKI JAKARTA,JAKARTA PUSAT,TANAH ABANG,PEREMPUAN,45-49,1518
2020,DKI JAKARTA,JAKARTA PUSAT,TANAH ABANG,PEREMPUAN,50-54,1749
2020,DKI JAKARTA,JAKARTA PUSAT,TANAH ABANG,PEREMPUAN,55-59,1868
2020,DKI JAKARTA,JAKARTA PUSAT,TANAH ABANG,PEREMPUAN,60-64,1630
2020,DKI JAKARTA,JAKARTA PUSAT,TANAH ABANG,PEREMPUAN,65-69,1305
2020,DKI JAKARTA,JAKARTA PUSAT,TANAH ABANG,PEREMPUAN,70-75,1141
2020,DKI JAKARTA,JAKARTA PUSAT,TANAH ABANG,PEREMPUAN,>75,1217
2020,DKI JAKARTA,JAKARTA PUSAT,JOHAR BARU,PEREMPUAN,<15,17
2020,DKI JAKARTA,JAKARTA PUSAT,JOHAR BARU,PEREMPUAN,15-19,57
2020,DKI JAKARTA,JAKARTA PUSAT,JOHAR BARU,PEREMPUAN,20-24,175
2020,DKI JAKARTA,JAKARTA PUSAT,JOHAR BARU,PEREMPUAN,25-29,351
2020,DKI JAKARTA,JAKARTA PUSAT,JOHAR BARU,PEREMPUAN,30-34,476
2020,DKI JAKARTA,JAKARTA PUSAT,JOHAR BARU,PEREMPUAN,35-39,751
2020,DKI JAKARTA,JAKARTA PUSAT,JOHAR BARU,PEREMPUAN,40-44,976
2020,DKI JAKARTA,JAKARTA PUSAT,JOHAR BARU,PEREMPUAN,45-49,1077
2020,DKI JAKARTA,JAKARTA PUSAT,JOHAR BARU,PEREMPUAN,50-54,1265
2020,DKI JAKARTA,JAKARTA PUSAT,JOHAR BARU,PEREMPUAN,55-59,1352
2020,DKI JAKARTA,JAKARTA PUSAT,JOHAR BARU,PEREMPUAN,60-64,1255
2020,DKI JAKARTA,JAKARTA PUSAT,JOHAR BARU,PEREMPUAN,65-69,1035
2020,DKI JAKARTA,JAKARTA PUSAT,JOHAR BARU,PEREMPUAN,70-75,870
2020,DKI JAKARTA,JAKARTA PUSAT,JOHAR BARU,PEREMPUAN,>75,913
2020,DKI JAKARTA,JAKARTA UTARA,PENJARINGAN,PEREMPUAN,<15,0
2020,DKI JAKARTA,JAKARTA UTARA,PENJARINGAN,PEREMPUAN,15-19,90
2020,DKI JAKARTA,JAKARTA UTARA,PENJARINGAN,PEREMPUAN,20-24,613
2020,DKI JAKARTA,JAKARTA UTARA,PENJARINGAN,PEREMPUAN,25-29,1245
2020,DKI JAKARTA,JAKARTA UTARA,PENJARINGAN,PEREMPUAN,30-34,1655
2020,DKI JAKARTA,JAKARTA UTARA,PENJARINGAN,PEREMPUAN,35-39,2082
2020,DKI JAKARTA,JAKARTA UTARA,PENJARINGAN,PEREMPUAN,40-44,2258
2020,DKI JAKARTA,JAKARTA UTARA,PENJARINGAN,PEREMPUAN,45-49,2302
2020,DKI JAKARTA,JAKARTA UTARA,PENJARINGAN,PEREMPUAN,50-54,2493
2020,DKI JAKARTA,JAKARTA UTARA,PENJARINGAN,PEREMPUAN,55-59,2561
2020,DKI JAKARTA,JAKARTA UTARA,PENJARINGAN,PEREMPUAN,60-64,2459
2020,DKI JAKARTA,JAKARTA UTARA,PENJARINGAN,PEREMPUAN,65-69,1986
2020,DKI JAKARTA,JAKARTA UTARA,PENJARINGAN,PEREMPUAN,70-75,1565
2020,DKI JAKARTA,JAKARTA UTARA,PENJARINGAN,PEREMPUAN,>75,1356
2020,DKI JAKARTA,JAKARTA UTARA,TANJUNG PRIOK,PEREMPUAN,<15,1
2020,DKI JAKARTA,JAKARTA UTARA,TANJUNG PRIOK,PEREMPUAN,15-19,105
2020,DKI JAKARTA,JAKARTA UTARA,TANJUNG PRIOK,PEREMPUAN,20-24,652
2020,DKI JAKARTA,JAKARTA UTARA,TANJUNG PRIOK,PEREMPUAN,25-29,1364
2020,DKI JAKARTA,JAKARTA UTARA,TANJUNG PRIOK,PEREMPUAN,30-34,1691
2020,DKI JAKARTA,JAKARTA UTARA,TANJUNG PRIOK,PEREMPUAN,35-39,2335
2020,DKI JAKARTA,JAKARTA UTARA,TANJUNG PRIOK,PEREMPUAN,40-44,2965
2020,DKI JAKARTA,JAKARTA UTARA,TANJUNG PRIOK,PEREMPUAN,45-49,3123
2020,DKI JAKARTA,JAKARTA UTARA,TANJUNG PRIOK,PEREMPUAN,50-54,3358
2020,DKI JAKARTA,JAKARTA UTARA,TANJUNG PRIOK,PEREMPUAN,55-59,3658
2020,DKI JAKARTA,JAKARTA UTARA,TANJUNG PRIOK,PEREMPUAN,60-64,3462
2020,DKI JAKARTA,JAKARTA UTARA,TANJUNG PRIOK,PEREMPUAN,65-69,2457
2020,DKI JAKARTA,JAKARTA UTARA,TANJUNG PRIOK,PEREMPUAN,70-75,2125
2020,DKI JAKARTA,JAKARTA UTARA,TANJUNG PRIOK,PEREMPUAN,>75,1565
2020,DKI JAKARTA,JAKARTA UTARA,KOJA,PEREMPUAN,<15,2
2020,DKI JAKARTA,JAKARTA UTARA,KOJA,PEREMPUAN,15-19,99
2020,DKI JAKARTA,JAKARTA UTARA,KOJA,PEREMPUAN,20-24,677
2020,DKI JAKARTA,JAKARTA UTARA,KOJA,PEREMPUAN,25-29,1274
2020,DKI JAKARTA,JAKARTA UTARA,KOJA,PEREMPUAN,30-34,1624
2020,DKI JAKARTA,JAKARTA UTARA,KOJA,PEREMPUAN,35-39,2136
2020,DKI JAKARTA,JAKARTA UTARA,KOJA,PEREMPUAN,40-44,2450
2020,DKI JAKARTA,JAKARTA UTARA,KOJA,PEREMPUAN,45-49,2564
2020,DKI JAKARTA,JAKARTA UTARA,KOJA,PEREMPUAN,50-54,2859
2020,DKI JAKARTA,JAKARTA UTARA,KOJA,PEREMPUAN,55-59,3002
2020,DKI JAKARTA,JAKARTA UTARA,KOJA,PEREMPUAN,60-64,2827
2020,DKI JAKARTA,JAKARTA UTARA,KOJA,PEREMPUAN,65-69,1850
2020,DKI JAKARTA,JAKARTA UTARA,KOJA,PEREMPUAN,70-75,1513
2020,DKI JAKARTA,JAKARTA UTARA,KOJA,PEREMPUAN,>75,983
2020,DKI JAKARTA,JAKARTA UTARA,CILINCING,PEREMPUAN,<15,6
2020,DKI JAKARTA,JAKARTA UTARA,CILINCING,PEREMPUAN,15-19,137
2020,DKI JAKARTA,JAKARTA UTARA,CILINCING,PEREMPUAN,20-24,1009
2020,DKI JAKARTA,JAKARTA UTARA,CILINCING,PEREMPUAN,25-29,1889
2020,DKI JAKARTA,JAKARTA UTARA,CILINCING,PEREMPUAN,30-34,2046
2020,DKI JAKARTA,JAKARTA UTARA,CILINCING,PEREMPUAN,35-39,2839
2020,DKI JAKARTA,JAKARTA UTARA,CILINCING,PEREMPUAN,40-44,3360
2020,DKI JAKARTA,JAKARTA UTARA,CILINCING,PEREMPUAN,45-49,3167
2020,DKI JAKARTA,JAKARTA UTARA,CILINCING,PEREMPUAN,50-54,3228
2020,DKI JAKARTA,JAKARTA UTARA,CILINCING,PEREMPUAN,55-59,3307
2020,DKI JAKARTA,JAKARTA UTARA,CILINCING,PEREMPUAN,60-64,3074
2020,DKI JAKARTA,JAKARTA UTARA,CILINCING,PEREMPUAN,65-69,2090
2020,DKI JAKARTA,JAKARTA UTARA,CILINCING,PEREMPUAN,70-75,1748
2020,DKI JAKARTA,JAKARTA UTARA,CILINCING,PEREMPUAN,>75,961
2020,DKI JAKARTA,JAKARTA UTARA,PADEMANGAN,PEREMPUAN,<15,2
2020,DKI JAKARTA,JAKARTA UTARA,PADEMANGAN,PEREMPUAN,15-19,44
2020,DKI JAKARTA,JAKARTA UTARA,PADEMANGAN,PEREMPUAN,20-24,288
2020,DKI JAKARTA,JAKARTA UTARA,PADEMANGAN,PEREMPUAN,25-29,629
2020,DKI JAKARTA,JAKARTA UTARA,PADEMANGAN,PEREMPUAN,30-34,880
2020,DKI JAKARTA,JAKARTA UTARA,PADEMANGAN,PEREMPUAN,35-39,1114
2020,DKI JAKARTA,JAKARTA UTARA,PADEMANGAN,PEREMPUAN,40-44,1257
2020,DKI JAKARTA,JAKARTA UTARA,PADEMANGAN,PEREMPUAN,45-49,1286
2020,DKI JAKARTA,JAKARTA UTARA,PADEMANGAN,PEREMPUAN,50-54,1443
2020,DKI JAKARTA,JAKARTA UTARA,PADEMANGAN,PEREMPUAN,55-59,1459
2020,DKI JAKARTA,JAKARTA UTARA,PADEMANGAN,PEREMPUAN,60-64,1415
2020,DKI JAKARTA,JAKARTA UTARA,PADEMANGAN,PEREMPUAN,65-69,1069
2020,DKI JAKARTA,JAKARTA UTARA,PADEMANGAN,PEREMPUAN,70-75,938
2020,DKI JAKARTA,JAKARTA UTARA,PADEMANGAN,PEREMPUAN,>75,683
2020,DKI JAKARTA,JAKARTA UTARA,KELAPA GADING,PEREMPUAN,<15,0
2020,DKI JAKARTA,JAKARTA UTARA,KELAPA GADING,PEREMPUAN,15-19,17
2020,DKI JAKARTA,JAKARTA UTARA,KELAPA GADING,PEREMPUAN,20-24,112
2020,DKI JAKARTA,JAKARTA UTARA,KELAPA GADING,PEREMPUAN,25-29,309
2020,DKI JAKARTA,JAKARTA UTARA,KELAPA GADING,PEREMPUAN,30-34,478
2020,DKI JAKARTA,JAKARTA UTARA,KELAPA GADING,PEREMPUAN,35-39,715
2020,DKI JAKARTA,JAKARTA UTARA,KELAPA GADING,PEREMPUAN,40-44,911
2020,DKI JAKARTA,JAKARTA UTARA,KELAPA GADING,PEREMPUAN,45-49,1020
2020,DKI JAKARTA,JAKARTA UTARA,KELAPA GADING,PEREMPUAN,50-54,1115
2020,DKI JAKARTA,JAKARTA UTARA,KELAPA GADING,PEREMPUAN,55-59,1169
2020,DKI JAKARTA,JAKARTA UTARA,KELAPA GADING,PEREMPUAN,60-64,1227
2020,DKI JAKARTA,JAKARTA UTARA,KELAPA GADING,PEREMPUAN,65-69,1210
2020,DKI JAKARTA,JAKARTA UTARA,KELAPA GADING,PEREMPUAN,70-75,1126
2020,DKI JAKARTA,JAKARTA UTARA,KELAPA GADING,PEREMPUAN,>75,824
2020,DKI JAKARTA,JAKARTA BARAT,CENGKARENG,PEREMPUAN,<15,1
2020,DKI JAKARTA,JAKARTA BARAT,CENGKARENG,PEREMPUAN,15-19,130
2020,DKI JAKARTA,JAKARTA BARAT,CENGKARENG,PEREMPUAN,20-24,955
2020,DKI JAKARTA,JAKARTA BARAT,CENGKARENG,PEREMPUAN,25-29,2008
2020,DKI JAKARTA,JAKARTA BARAT,CENGKARENG,PEREMPUAN,30-34,2423
2020,DKI JAKARTA,JAKARTA BARAT,CENGKARENG,PEREMPUAN,35-39,3155
2020,DKI JAKARTA,JAKARTA BARAT,CENGKARENG,PEREMPUAN,40-44,3505
2020,DKI JAKARTA,JAKARTA BARAT,CENGKARENG,PEREMPUAN,45-49,3648
2020,DKI JAKARTA,JAKARTA BARAT,CENGKARENG,PEREMPUAN,50-54,3955
2020,DKI JAKARTA,JAKARTA BARAT,CENGKARENG,PEREMPUAN,55-59,4288
2020,DKI JAKARTA,JAKARTA BARAT,CENGKARENG,PEREMPUAN,60-64,3923
2020,DKI JAKARTA,JAKARTA BARAT,CENGKARENG,PEREMPUAN,65-69,2604
2020,DKI JAKARTA,JAKARTA BARAT,CENGKARENG,PEREMPUAN,70-75,1939
2020,DKI JAKARTA,JAKARTA BARAT,CENGKARENG,PEREMPUAN,>75,1247
2020,DKI JAKARTA,JAKARTA BARAT,GROGOL PETAMBURAN,PEREMPUAN,<15,0
2020,DKI JAKARTA,JAKARTA BARAT,GROGOL PETAMBURAN,PEREMPUAN,15-19,38
2020,DKI JAKARTA,JAKARTA BARAT,GROGOL PETAMBURAN,PEREMPUAN,20-24,319
2020,DKI JAKARTA,JAKARTA BARAT,GROGOL PETAMBURAN,PEREMPUAN,25-29,737
2020,DKI JAKARTA,JAKARTA BARAT,GROGOL PETAMBURAN,PEREMPUAN,30-34,1041
2020,DKI JAKARTA,JAKARTA BARAT,GROGOL PETAMBURAN,PEREMPUAN,35-39,1478
2020,DKI JAKARTA,JAKARTA BARAT,GROGOL PETAMBURAN,PEREMPUAN,40-44,1660
2020,DKI JAKARTA,JAKARTA BARAT,GROGOL PETAMBURAN,PEREMPUAN,45-49,1826
2020,DKI JAKARTA,JAKARTA BARAT,GROGOL PETAMBURAN,PEREMPUAN,50-54,1957
2020,DKI JAKARTA,JAKARTA BARAT,GROGOL PETAMBURAN,PEREMPUAN,55-59,2090
2020,DKI JAKARTA,JAKARTA BARAT,GROGOL PETAMBURAN,PEREMPUAN,60-64,2026
2020,DKI JAKARTA,JAKARTA BARAT,GROGOL PETAMBURAN,PEREMPUAN,65-69,1868
2020,DKI JAKARTA,JAKARTA BARAT,GROGOL PETAMBURAN,PEREMPUAN,70-75,1782
2020,DKI JAKARTA,JAKARTA BARAT,GROGOL PETAMBURAN,PEREMPUAN,>75,1565
2020,DKI JAKARTA,JAKARTA BARAT,TAMAN SARI,PEREMPUAN,<15,2
2020,DKI JAKARTA,JAKARTA BARAT,TAMAN SARI,PEREMPUAN,15-19,20
2020,DKI JAKARTA,JAKARTA BARAT,TAMAN SARI,PEREMPUAN,20-24,107
2020,DKI JAKARTA,JAKARTA BARAT,TAMAN SARI,PEREMPUAN,25-29,394
2020,DKI JAKARTA,JAKARTA BARAT,TAMAN SARI,PEREMPUAN,30-34,645
2020,DKI JAKARTA,JAKARTA BARAT,TAMAN SARI,PEREMPUAN,35-39,922
2020,DKI JAKARTA,JAKARTA BARAT,TAMAN SARI,PEREMPUAN,40-44,1058
2020,DKI JAKARTA,JAKARTA BARAT,TAMAN SARI,PEREMPUAN,45-49,1088
2020,DKI JAKARTA,JAKARTA BARAT,TAMAN SARI,PEREMPUAN,50-54,1313
2020,DKI JAKARTA,JAKARTA BARAT,TAMAN SARI,PEREMPUAN,55-59,1494
2020,DKI JAKARTA,JAKARTA BARAT,TAMAN SARI,PEREMPUAN,60-64,1432
2020,DKI JAKARTA,JAKARTA BARAT,TAMAN SARI,PEREMPUAN,65-69,1285
2020,DKI JAKARTA,JAKARTA BARAT,TAMAN SARI,PEREMPUAN,70-75,1166
2020,DKI JAKARTA,JAKARTA BARAT,TAMAN SARI,PEREMPUAN,>75,1338
2020,DKI JAKARTA,JAKARTA BARAT,TAMBORA,PEREMPUAN,<15,1
2020,DKI JAKARTA,JAKARTA BARAT,TAMBORA,PEREMPUAN,15-19,39
2020,DKI JAKARTA,JAKARTA BARAT,TAMBORA,PEREMPUAN,20-24,350
2020,DKI JAKARTA,JAKARTA BARAT,TAMBORA,PEREMPUAN,25-29,849
2020,DKI JAKARTA,JAKARTA BARAT,TAMBORA,PEREMPUAN,30-34,1220
2020,DKI JAKARTA,JAKARTA BARAT,TAMBORA,PEREMPUAN,35-39,1666
2020,DKI JAKARTA,JAKARTA BARAT,TAMBORA,PEREMPUAN,40-44,1801
2020,DKI JAKARTA,JAKARTA BARAT,TAMBORA,PEREMPUAN,45-49,2005
2020,DKI JAKARTA,JAKARTA BARAT,TAMBORA,PEREMPUAN,50-54,2227
2020,DKI JAKARTA,JAKARTA BARAT,TAMBORA,PEREMPUAN,55-59,2657
2020,DKI JAKARTA,JAKARTA BARAT,TAMBORA,PEREMPUAN,60-64,2406
2020,DKI JAKARTA,JAKARTA BARAT,TAMBORA,PEREMPUAN,65-69,2001
2020,DKI JAKARTA,JAKARTA BARAT,TAMBORA,PEREMPUAN,70-75,1711
2020,DKI JAKARTA,JAKARTA BARAT,TAMBORA,PEREMPUAN,>75,1594
2020,DKI JAKARTA,JAKARTA BARAT,KEBON JERUK,PEREMPUAN,<15,4
2020,DKI JAKARTA,JAKARTA BARAT,KEBON JERUK,PEREMPUAN,15-19,42
2020,DKI JAKARTA,JAKARTA BARAT,KEBON JERUK,PEREMPUAN,20-24,342
2020,DKI JAKARTA,JAKARTA BARAT,KEBON JERUK,PEREMPUAN,25-29,776
2020,DKI JAKARTA,JAKARTA BARAT,KEBON JERUK,PEREMPUAN,30-34,1181
2020,DKI JAKARTA,JAKARTA BARAT,KEBON JERUK,PEREMPUAN,35-39,1705
2020,DKI JAKARTA,JAKARTA BARAT,KEBON JERUK,PEREMPUAN,40-44,2074
2020,DKI JAKARTA,JAKARTA BARAT,KEBON JERUK,PEREMPUAN,45-49,2275
2020,DKI JAKARTA,JAKARTA BARAT,KEBON JERUK,PEREMPUAN,50-54,2564
2020,DKI JAKARTA,JAKARTA BARAT,KEBON JERUK,PEREMPUAN,55-59,2851
2020,DKI JAKARTA,JAKARTA BARAT,KEBON JERUK,PEREMPUAN,60-64,2713
2020,DKI JAKARTA,JAKARTA BARAT,KEBON JERUK,PEREMPUAN,65-69,2015
2020,DKI JAKARTA,JAKARTA BARAT,KEBON JERUK,PEREMPUAN,70-75,1745
2020,DKI JAKARTA,JAKARTA BARAT,KEBON JERUK,PEREMPUAN,>75,1320
2020,DKI JAKARTA,JAKARTA BARAT,KALI DERES,PEREMPUAN,<15,3
2020,DKI JAKARTA,JAKARTA BARAT,KALI DERES,PEREMPUAN,15-19,115
2020,DKI JAKARTA,JAKARTA BARAT,KALI DERES,PEREMPUAN,20-24,806
2020,DKI JAKARTA,JAKARTA BARAT,KALI DERES,PEREMPUAN,25-29,1538
2020,DKI JAKARTA,JAKARTA BARAT,KALI DERES,PEREMPUAN,30-34,1803
2020,DKI JAKARTA,JAKARTA BARAT,KALI DERES,PEREMPUAN,35-39,2347
2020,DKI JAKARTA,JAKARTA BARAT,KALI DERES,PEREMPUAN,40-44,2595
2020,DKI JAKARTA,JAKARTA BARAT,KALI DERES,PEREMPUAN,45-49,2801
2020,DKI JAKARTA,JAKARTA BARAT,KALI DERES,PEREMPUAN,50-54,3161
2020,DKI JAKARTA,JAKARTA BARAT,KALI DERES,PEREMPUAN,55-59,3043
2020,DKI JAKARTA,JAKARTA BARAT,KALI DERES,PEREMPUAN,60-64,2662
2020,DKI JAKARTA,JAKARTA BARAT,KALI DERES,PEREMPUAN,65-69,1679
2020,DKI JAKARTA,JAKARTA BARAT,KALI DERES,PEREMPUAN,70-75,1300
2020,DKI JAKARTA,JAKARTA BARAT,KALI DERES,PEREMPUAN,>75,935
2020,DKI JAKARTA,JAKARTA BARAT,PAL MERAH,PEREMPUAN,<15,0
2020,DKI JAKARTA,JAKARTA BARAT,PAL MERAH,PEREMPUAN,15-19,31
2020,DKI JAKARTA,JAKARTA BARAT,PAL MERAH,PEREMPUAN,20-24,191
2020,DKI JAKARTA,JAKARTA BARAT,PAL MERAH,PEREMPUAN,25-29,509
2020,DKI JAKARTA,JAKARTA BARAT,PAL MERAH,PEREMPUAN,30-34,757
2020,DKI JAKARTA,JAKARTA BARAT,PAL MERAH,PEREMPUAN,35-39,1118
2020,DKI JAKARTA,JAKARTA BARAT,PAL MERAH,PEREMPUAN,40-44,1398
2020,DKI JAKARTA,JAKARTA BARAT,PAL MERAH,PEREMPUAN,45-49,1590
2020,DKI JAKARTA,JAKARTA BARAT,PAL MERAH,PEREMPUAN,50-54,1825
2020,DKI JAKARTA,JAKARTA BARAT,PAL MERAH,PEREMPUAN,55-59,2074
2020,DKI JAKARTA,JAKARTA BARAT,PAL MERAH,PEREMPUAN,60-64,1978
2020,DKI JAKARTA,JAKARTA BARAT,PAL MERAH,PEREMPUAN,65-69,1426
2020,DKI JAKARTA,JAKARTA BARAT,PAL MERAH,PEREMPUAN,70-75,1229
2020,DKI JAKARTA,JAKARTA BARAT,PAL MERAH,PEREMPUAN,>75,1110
2020,DKI JAKARTA,JAKARTA BARAT,KEMBANGAN,PEREMPUAN,<15,3
2020,DKI JAKARTA,JAKARTA BARAT,KEMBANGAN,PEREMPUAN,15-19,34
2020,DKI JAKARTA,JAKARTA BARAT,KEMBANGAN,PEREMPUAN,20-24,348
2020,DKI JAKARTA,JAKARTA BARAT,KEMBANGAN,PEREMPUAN,25-29,768
2020,DKI JAKARTA,JAKARTA BARAT,KEMBANGAN,PEREMPUAN,30-34,1004
2020,DKI JAKARTA,JAKARTA BARAT,KEMBANGAN,PEREMPUAN,35-39,1361
2020,DKI JAKARTA,JAKARTA BARAT,KEMBANGAN,PEREMPUAN,40-44,1677
2020,DKI JAKARTA,JAKARTA BARAT,KEMBANGAN,PEREMPUAN,45-49,1840
2020,DKI JAKARTA,JAKARTA BARAT,KEMBANGAN,PEREMPUAN,50-54,1976
2020,DKI JAKARTA,JAKARTA BARAT,KEMBANGAN,PEREMPUAN,55-59,2081
2020,DKI JAKARTA,JAKARTA BARAT,KEMBANGAN,PEREMPUAN,60-64,1943
2020,DKI JAKARTA,JAKARTA BARAT,KEMBANGAN,PEREMPUAN,65-69,1610
2020,DKI JAKARTA,JAKARTA BARAT,KEMBANGAN,PEREMPUAN,70-75,1221
2020,DKI JAKARTA,JAKARTA BARAT,KEMBANGAN,PEREMPUAN,>75,865
2020,DKI JAKARTA,JAKARTA SELATAN,TEBET,PEREMPUAN,15-19,34
2020,DKI JAKARTA,JAKARTA SELATAN,TEBET,PEREMPUAN,20-24,243
2020,DKI JAKARTA,JAKARTA SELATAN,TEBET,PEREMPUAN,25-29,553
2020,DKI JAKARTA,JAKARTA SELATAN,TEBET,PEREMPUAN,30-34,767
2020,DKI JAKARTA,JAKARTA SELATAN,TEBET,PEREMPUAN,35-39,1140
2020,DKI JAKARTA,JAKARTA SELATAN,TEBET,PEREMPUAN,40-44,1576
2020,DKI JAKARTA,JAKARTA SELATAN,TEBET,PEREMPUAN,45-49,2017
2020,DKI JAKARTA,JAKARTA SELATAN,TEBET,PEREMPUAN,50-54,2293
2020,DKI JAKARTA,JAKARTA SELATAN,TEBET,PEREMPUAN,55-59,2557
2020,DKI JAKARTA,JAKARTA SELATAN,TEBET,PEREMPUAN,60-64,2350
2020,DKI JAKARTA,JAKARTA SELATAN,TEBET,PEREMPUAN,65-69,1925
2020,DKI JAKARTA,JAKARTA SELATAN,TEBET,PEREMPUAN,70-75,1648
2020,DKI JAKARTA,JAKARTA SELATAN,TEBET,PEREMPUAN,>75,1702
2020,DKI JAKARTA,JAKARTA SELATAN,SETIA BUDI,PEREMPUAN,15-19,14
2020,DKI JAKARTA,JAKARTA SELATAN,SETIA BUDI,PEREMPUAN,20-24,140
2020,DKI JAKARTA,JAKARTA SELATAN,SETIA BUDI,PEREMPUAN,25-29,354
2020,DKI JAKARTA,JAKARTA SELATAN,SETIA BUDI,PEREMPUAN,30-34,537
2020,DKI JAKARTA,JAKARTA SELATAN,SETIA BUDI,PEREMPUAN,35-39,784
2020,DKI JAKARTA,JAKARTA SELATAN,SETIA BUDI,PEREMPUAN,40-44,974
2020,DKI JAKARTA,JAKARTA SELATAN,SETIA BUDI,PEREMPUAN,45-49,1090
2020,DKI JAKARTA,JAKARTA SELATAN,SETIA BUDI,PEREMPUAN,50-54,1153
2020,DKI JAKARTA,JAKARTA SELATAN,SETIA BUDI,PEREMPUAN,55-59,1311
2020,DKI JAKARTA,JAKARTA SELATAN,SETIA BUDI,PEREMPUAN,60-64,1108
2020,DKI JAKARTA,JAKARTA SELATAN,SETIA BUDI,PEREMPUAN,65-69,879
2020,DKI JAKARTA,JAKARTA SELATAN,SETIA BUDI,PEREMPUAN,70-75,742
2020,DKI JAKARTA,JAKARTA SELATAN,SETIA BUDI,PEREMPUAN,>75,690
2020,DKI JAKARTA,JAKARTA SELATAN,MAMPANG PRAPATAN,PEREMPUAN,<15,1
2020,DKI JAKARTA,JAKARTA SELATAN,MAMPANG PRAPATAN,PEREMPUAN,15-19,24
2020,DKI JAKARTA,JAKARTA SELATAN,MAMPANG PRAPATAN,PEREMPUAN,20-24,162
2020,DKI JAKARTA,JAKARTA SELATAN,MAMPANG PRAPATAN,PEREMPUAN,25-29,427
2020,DKI JAKARTA,JAKARTA SELATAN,MAMPANG PRAPATAN,PEREMPUAN,30-34,601
2020,DKI JAKARTA,JAKARTA SELATAN,MAMPANG PRAPATAN,PEREMPUAN,35-39,868
2020,DKI JAKARTA,JAKARTA SELATAN,MAMPANG PRAPATAN,PEREMPUAN,40-44,1104
2020,DKI JAKARTA,JAKARTA SELATAN,MAMPANG PRAPATAN,PEREMPUAN,45-49,1223
2020,DKI JAKARTA,JAKARTA SELATAN,MAMPANG PRAPATAN,PEREMPUAN,50-54,1372
2020,DKI JAKARTA,JAKARTA SELATAN,MAMPANG PRAPATAN,PEREMPUAN,55-59,1491
2020,DKI JAKARTA,JAKARTA SELATAN,MAMPANG PRAPATAN,PEREMPUAN,60-64,1331
2020,DKI JAKARTA,JAKARTA SELATAN,MAMPANG PRAPATAN,PEREMPUAN,65-69,977
2020,DKI JAKARTA,JAKARTA SELATAN,MAMPANG PRAPATAN,PEREMPUAN,70-75,798
2020,DKI JAKARTA,JAKARTA SELATAN,MAMPANG PRAPATAN,PEREMPUAN,>75,608
2020,DKI JAKARTA,JAKARTA SELATAN,PASAR MINGGU,PEREMPUAN,<15,1
2020,DKI JAKARTA,JAKARTA SELATAN,PASAR MINGGU,PEREMPUAN,15-19,45
2020,DKI JAKARTA,JAKARTA SELATAN,PASAR MINGGU,PEREMPUAN,20-24,361
2020,DKI JAKARTA,JAKARTA SELATAN,PASAR MINGGU,PEREMPUAN,25-29,820
2020,DKI JAKARTA,JAKARTA SELATAN,PASAR MINGGU,PEREMPUAN,30-34,1092
2020,DKI JAKARTA,JAKARTA SELATAN,PASAR MINGGU,PEREMPUAN,35-39,1622
2020,DKI JAKARTA,JAKARTA SELATAN,PASAR MINGGU,PEREMPUAN,40-44,2116
2020,DKI JAKARTA,JAKARTA SELATAN,PASAR MINGGU,PEREMPUAN,45-49,2401
2020,DKI JAKARTA,JAKARTA SELATAN,PASAR MINGGU,PEREMPUAN,50-54,2593
2020,DKI JAKARTA,JAKARTA SELATAN,PASAR MINGGU,PEREMPUAN,55-59,2804
2020,DKI JAKARTA,JAKARTA SELATAN,PASAR MINGGU,PEREMPUAN,60-64,2540
2020,DKI JAKARTA,JAKARTA SELATAN,PASAR MINGGU,PEREMPUAN,65-69,1890
2020,DKI JAKARTA,JAKARTA SELATAN,PASAR MINGGU,PEREMPUAN,70-75,1704
2020,DKI JAKARTA,JAKARTA SELATAN,PASAR MINGGU,PEREMPUAN,>75,1403
2020,DKI JAKARTA,JAKARTA SELATAN,KEBAYORAN LAMA,PEREMPUAN,<15,1
2020,DKI JAKARTA,JAKARTA SELATAN,KEBAYORAN LAMA,PEREMPUAN,15-19,60
2020,DKI JAKARTA,JAKARTA SELATAN,KEBAYORAN LAMA,PEREMPUAN,20-24,345
2020,DKI JAKARTA,JAKARTA SELATAN,KEBAYORAN LAMA,PEREMPUAN,25-29,781
2020,DKI JAKARTA,JAKARTA SELATAN,KEBAYORAN LAMA,PEREMPUAN,30-34,1045
2020,DKI JAKARTA,JAKARTA SELATAN,KEBAYORAN LAMA,PEREMPUAN,35-39,1609
2020,DKI JAKARTA,JAKARTA SELATAN,KEBAYORAN LAMA,PEREMPUAN,40-44,2112
2020,DKI JAKARTA,JAKARTA SELATAN,KEBAYORAN LAMA,PEREMPUAN,45-49,2369
2020,DKI JAKARTA,JAKARTA SELATAN,KEBAYORAN LAMA,PEREMPUAN,50-54,2760
2020,DKI JAKARTA,JAKARTA SELATAN,KEBAYORAN LAMA,PEREMPUAN,55-59,2812
2020,DKI JAKARTA,JAKARTA SELATAN,KEBAYORAN LAMA,PEREMPUAN,60-64,2476
2020,DKI JAKARTA,JAKARTA SELATAN,KEBAYORAN LAMA,PEREMPUAN,65-69,1979
2020,DKI JAKARTA,JAKARTA SELATAN,KEBAYORAN LAMA,PEREMPUAN,70-75,1811
2020,DKI JAKARTA,JAKARTA SELATAN,KEBAYORAN LAMA,PEREMPUAN,>75,1458
2020,DKI JAKARTA,JAKARTA SELATAN,CILANDAK,PEREMPUAN,<15,0
2020,DKI JAKARTA,JAKARTA SELATAN,CILANDAK,PEREMPUAN,15-19,29
2020,DKI JAKARTA,JAKARTA SELATAN,CILANDAK,PEREMPUAN,20-24,190
2020,DKI JAKARTA,JAKARTA SELATAN,CILANDAK,PEREMPUAN,25-29,464
2020,DKI JAKARTA,JAKARTA SELATAN,CILANDAK,PEREMPUAN,30-34,731
2020,DKI JAKARTA,JAKARTA SELATAN,CILANDAK,PEREMPUAN,35-39,1096
2020,DKI JAKARTA,JAKARTA SELATAN,CILANDAK,PEREMPUAN,40-44,1482
2020,DKI JAKARTA,JAKARTA SELATAN,CILANDAK,PEREMPUAN,45-49,1735
2020,DKI JAKARTA,JAKARTA SELATAN,CILANDAK,PEREMPUAN,50-54,1869
2020,DKI JAKARTA,JAKARTA SELATAN,CILANDAK,PEREMPUAN,55-59,1953
2020,DKI JAKARTA,JAKARTA SELATAN,CILANDAK,PEREMPUAN,60-64,1649
2020,DKI JAKARTA,JAKARTA SELATAN,CILANDAK,PEREMPUAN,65-69,1284
2020,DKI JAKARTA,JAKARTA SELATAN,CILANDAK,PEREMPUAN,70-75,1251
2020,DKI JAKARTA,JAKARTA SELATAN,CILANDAK,PEREMPUAN,>75,1271
2020,DKI JAKARTA,JAKARTA SELATAN,KEBAYORAN BARU,PEREMPUAN,<15,0
2020,DKI JAKARTA,JAKARTA SELATAN,KEBAYORAN BARU,PEREMPUAN,15-19,15
2020,DKI JAKARTA,JAKARTA SELATAN,KEBAYORAN BARU,PEREMPUAN,20-24,154
2020,DKI JAKARTA,JAKARTA SELATAN,KEBAYORAN BARU,PEREMPUAN,25-29,382
2020,DKI JAKARTA,JAKARTA SELATAN,KEBAYORAN BARU,PEREMPUAN,30-34,521
2020,DKI JAKARTA,JAKARTA SELATAN,KEBAYORAN BARU,PEREMPUAN,35-39,857
2020,DKI JAKARTA,JAKARTA SELATAN,KEBAYORAN BARU,PEREMPUAN,40-44,1035
2020,DKI JAKARTA,JAKARTA SELATAN,KEBAYORAN BARU,PEREMPUAN,45-49,1298
2020,DKI JAKARTA,JAKARTA SELATAN,KEBAYORAN BARU,PEREMPUAN,50-54,1400
2020,DKI JAKARTA,JAKARTA SELATAN,KEBAYORAN BARU,PEREMPUAN,55-59,1496
2020,DKI JAKARTA,JAKARTA SELATAN,KEBAYORAN BARU,PEREMPUAN,60-64,1341
2020,DKI JAKARTA,JAKARTA SELATAN,KEBAYORAN BARU,PEREMPUAN,65-69,1073
2020,DKI JAKARTA,JAKARTA SELATAN,KEBAYORAN BARU,PEREMPUAN,70-75,973
2020,DKI JAKARTA,JAKARTA SELATAN,KEBAYORAN BARU,PEREMPUAN,>75,1177
2020,DKI JAKARTA,JAKARTA SELATAN,PANCORAN,PEREMPUAN,<15,0
2020,DKI JAKARTA,JAKARTA SELATAN,PANCORAN,PEREMPUAN,15-19,27
2020,DKI JAKARTA,JAKARTA SELATAN,PANCORAN,PEREMPUAN,20-24,178
2020,DKI JAKARTA,JAKARTA SELATAN,PANCORAN,PEREMPUAN,25-29,417
2020,DKI JAKARTA,JAKARTA SELATAN,PANCORAN,PEREMPUAN,30-34,684
2020,DKI JAKARTA,JAKARTA SELATAN,PANCORAN,PEREMPUAN,35-39,966
2020,DKI JAKARTA,JAKARTA SELATAN,PANCORAN,PEREMPUAN,40-44,1177
2020,DKI JAKARTA,JAKARTA SELATAN,PANCORAN,PEREMPUAN,45-49,1373
2020,DKI JAKARTA,JAKARTA SELATAN,PANCORAN,PEREMPUAN,50-54,1445
2020,DKI JAKARTA,JAKARTA SELATAN,PANCORAN,PEREMPUAN,55-59,1579
2020,DKI JAKARTA,JAKARTA SELATAN,PANCORAN,PEREMPUAN,60-64,1453
2020,DKI JAKARTA,JAKARTA SELATAN,PANCORAN,PEREMPUAN,65-69,1086
2020,DKI JAKARTA,JAKARTA SELATAN,PANCORAN,PEREMPUAN,70-75,1045
2020,DKI JAKARTA,JAKARTA SELATAN,PANCORAN,PEREMPUAN,>75,794
2020,DKI JAKARTA,JAKARTA SELATAN,JAGAKARSA,PEREMPUAN,<15,1
2020,DKI JAKARTA,JAKARTA SELATAN,JAGAKARSA,PEREMPUAN,15-19,51
2020,DKI JAKARTA,JAKARTA SELATAN,JAGAKARSA,PEREMPUAN,20-24,417
2020,DKI JAKARTA,JAKARTA SELATAN,JAGAKARSA,PEREMPUAN,25-29,891
2020,DKI JAKARTA,JAKARTA SELATAN,JAGAKARSA,PEREMPUAN,30-34,1074
2020,DKI JAKARTA,JAKARTA SELATAN,JAGAKARSA,PEREMPUAN,35-39,1631
2020,DKI JAKARTA,JAKARTA SELATAN,JAGAKARSA,PEREMPUAN,40-44,2102
2020,DKI JAKARTA,JAKARTA SELATAN,JAGAKARSA,PEREMPUAN,45-49,2378
2020,DKI JAKARTA,JAKARTA SELATAN,JAGAKARSA,PEREMPUAN,50-54,2510
2020,DKI JAKARTA,JAKARTA SELATAN,JAGAKARSA,PEREMPUAN,55-59,2755
2020,DKI JAKARTA,JAKARTA SELATAN,JAGAKARSA,PEREMPUAN,60-64,2550
2020,DKI JAKARTA,JAKARTA SELATAN,JAGAKARSA,PEREMPUAN,65-69,1834
2020,DKI JAKARTA,JAKARTA SELATAN,JAGAKARSA,PEREMPUAN,70-75,1596
2020,DKI JAKARTA,JAKARTA SELATAN,JAGAKARSA,PEREMPUAN,>75,987
2020,DKI JAKARTA,JAKARTA SELATAN,PESANGGRAHAN,PEREMPUAN,<15,2
2020,DKI JAKARTA,JAKARTA SELATAN,PESANGGRAHAN,PEREMPUAN,15-19,50
2020,DKI JAKARTA,JAKARTA SELATAN,PESANGGRAHAN,PEREMPUAN,20-24,295
2020,DKI JAKARTA,JAKARTA SELATAN,PESANGGRAHAN,PEREMPUAN,25-29,645
2020,DKI JAKARTA,JAKARTA SELATAN,PESANGGRAHAN,PEREMPUAN,30-34,902
2020,DKI JAKARTA,JAKARTA SELATAN,PESANGGRAHAN,PEREMPUAN,35-39,1208
2020,DKI JAKARTA,JAKARTA SELATAN,PESANGGRAHAN,PEREMPUAN,40-44,1606
2020,DKI JAKARTA,JAKARTA SELATAN,PESANGGRAHAN,PEREMPUAN,45-49,1732
2020,DKI JAKARTA,JAKARTA SELATAN,PESANGGRAHAN,PEREMPUAN,50-54,1932
2020,DKI JAKARTA,JAKARTA SELATAN,PESANGGRAHAN,PEREMPUAN,55-59,1963
2020,DKI JAKARTA,JAKARTA SELATAN,PESANGGRAHAN,PEREMPUAN,60-64,1922
2020,DKI JAKARTA,JAKARTA SELATAN,PESANGGRAHAN,PEREMPUAN,65-69,1478
2020,DKI JAKARTA,JAKARTA SELATAN,PESANGGRAHAN,PEREMPUAN,70-75,1249
2020,DKI JAKARTA,JAKARTA SELATAN,PESANGGRAHAN,PEREMPUAN,>75,852
2020,DKI JAKARTA,JAKARTA TIMUR,MATRAMAN,PEREMPUAN,<15,1
2020,DKI JAKARTA,JAKARTA TIMUR,MATRAMAN,PEREMPUAN,15-19,33
2020,DKI JAKARTA,JAKARTA TIMUR,MATRAMAN,PEREMPUAN,20-24,218
2020,DKI JAKARTA,JAKARTA TIMUR,MATRAMAN,PEREMPUAN,25-29,534
2020,DKI JAKARTA,JAKARTA TIMUR,MATRAMAN,PEREMPUAN,30-34,658
2020,DKI JAKARTA,JAKARTA TIMUR,MATRAMAN,PEREMPUAN,35-39,1022
2020,DKI JAKARTA,JAKARTA TIMUR,MATRAMAN,PEREMPUAN,40-44,1250
2020,DKI JAKARTA,JAKARTA TIMUR,MATRAMAN,PEREMPUAN,45-49,1576
2020,DKI JAKARTA,JAKARTA TIMUR,MATRAMAN,PEREMPUAN,50-54,1806
2020,DKI JAKARTA,JAKARTA TIMUR,MATRAMAN,PEREMPUAN,55-59,2047
2020,DKI JAKARTA,JAKARTA TIMUR,MATRAMAN,PEREMPUAN,60-64,1908
2020,DKI JAKARTA,JAKARTA TIMUR,MATRAMAN,PEREMPUAN,65-69,1562
2020,DKI JAKARTA,JAKARTA TIMUR,MATRAMAN,PEREMPUAN,70-75,1389
2020,DKI JAKARTA,JAKARTA TIMUR,MATRAMAN,PEREMPUAN,>75,1270
2020,DKI JAKARTA,JAKARTA TIMUR,PULO GADUNG,PEREMPUAN,<15,1
2020,DKI JAKARTA,JAKARTA TIMUR,PULO GADUNG,PEREMPUAN,15-19,58
2020,DKI JAKARTA,JAKARTA TIMUR,PULO GADUNG,PEREMPUAN,20-24,462
2020,DKI JAKARTA,JAKARTA TIMUR,PULO GADUNG,PEREMPUAN,25-29,959
2020,DKI JAKARTA,JAKARTA TIMUR,PULO GADUNG,PEREMPUAN,30-34,1161
2020,DKI JAKARTA,JAKARTA TIMUR,PULO GADUNG,PEREMPUAN,35-39,1454
2020,DKI JAKARTA,JAKARTA TIMUR,PULO GADUNG,PEREMPUAN,40-44,1927
2020,DKI JAKARTA,JAKARTA TIMUR,PULO GADUNG,PEREMPUAN,45-49,2458
2020,DKI JAKARTA,JAKARTA TIMUR,PULO GADUNG,PEREMPUAN,50-54,2744
2020,DKI JAKARTA,JAKARTA TIMUR,PULO GADUNG,PEREMPUAN,55-59,2891
2020,DKI JAKARTA,JAKARTA TIMUR,PULO GADUNG,PEREMPUAN,60-64,2581
2020,DKI JAKARTA,JAKARTA TIMUR,PULO GADUNG,PEREMPUAN,65-69,2181
2020,DKI JAKARTA,JAKARTA TIMUR,PULO GADUNG,PEREMPUAN,70-75,2169
2020,DKI JAKARTA,JAKARTA TIMUR,PULO GADUNG,PEREMPUAN,>75,2023
2020,DKI JAKARTA,JAKARTA TIMUR,JATINEGARA,PEREMPUAN,<15,1
2020,DKI JAKARTA,JAKARTA TIMUR,JATINEGARA,PEREMPUAN,15-19,75
2020,DKI JAKARTA,JAKARTA TIMUR,JATINEGARA,PEREMPUAN,20-24,462
2020,DKI JAKARTA,JAKARTA TIMUR,JATINEGARA,PEREMPUAN,25-29,919
2020,DKI JAKARTA,JAKARTA TIMUR,JATINEGARA,PEREMPUAN,30-34,1208
2020,DKI JAKARTA,JAKARTA TIMUR,JATINEGARA,PEREMPUAN,35-39,1638
2020,DKI JAKARTA,JAKARTA TIMUR,JATINEGARA,PEREMPUAN,40-44,2029
2020,DKI JAKARTA,JAKARTA TIMUR,JATINEGARA,PEREMPUAN,45-49,2398
2020,DKI JAKARTA,JAKARTA TIMUR,JATINEGARA,PEREMPUAN,50-54,2855
2020,DKI JAKARTA,JAKARTA TIMUR,JATINEGARA,PEREMPUAN,55-59,3238
2020,DKI JAKARTA,JAKARTA TIMUR,JATINEGARA,PEREMPUAN,60-64,3061
2020,DKI JAKARTA,JAKARTA TIMUR,JATINEGARA,PEREMPUAN,65-69,2396
2020,DKI JAKARTA,JAKARTA TIMUR,JATINEGARA,PEREMPUAN,70-75,2139
2020,DKI JAKARTA,JAKARTA TIMUR,JATINEGARA,PEREMPUAN,>75,1865
2020,DKI JAKARTA,JAKARTA TIMUR,KRAMATJATI,PEREMPUAN,<15,1
2020,DKI JAKARTA,JAKARTA TIMUR,KRAMATJATI,PEREMPUAN,15-19,67
2020,DKI JAKARTA,JAKARTA TIMUR,KRAMATJATI,PEREMPUAN,20-24,468
2020,DKI JAKARTA,JAKARTA TIMUR,KRAMATJATI,PEREMPUAN,25-29,1018
2020,DKI JAKARTA,JAKARTA TIMUR,KRAMATJATI,PEREMPUAN,30-34,1151
2020,DKI JAKARTA,JAKARTA TIMUR,KRAMATJATI,PEREMPUAN,35-39,1619
2020,DKI JAKARTA,JAKARTA TIMUR,KRAMATJATI,PEREMPUAN,40-44,1987
2020,DKI JAKARTA,JAKARTA TIMUR,KRAMATJATI,PEREMPUAN,45-49,2331
2020,DKI JAKARTA,JAKARTA TIMUR,KRAMATJATI,PEREMPUAN,50-54,2533
2020,DKI JAKARTA,JAKARTA TIMUR,KRAMATJATI,PEREMPUAN,55-59,2838
2020,DKI JAKARTA,JAKARTA TIMUR,KRAMATJATI,PEREMPUAN,60-64,2575
2020,DKI JAKARTA,JAKARTA TIMUR,KRAMATJATI,PEREMPUAN,65-69,1898
2020,DKI JAKARTA,JAKARTA TIMUR,KRAMATJATI,PEREMPUAN,70-75,1566
2020,DKI JAKARTA,JAKARTA TIMUR,KRAMATJATI,PEREMPUAN,>75,1229
2020,DKI JAKARTA,JAKARTA TIMUR,PASAR REBO,PEREMPUAN,<15,0
2020,DKI JAKARTA,JAKARTA TIMUR,PASAR REBO,PEREMPUAN,15-19,30
2020,DKI JAKARTA,JAKARTA TIMUR,PASAR REBO,PEREMPUAN,20-24,238
2020,DKI JAKARTA,JAKARTA TIMUR,PASAR REBO,PEREMPUAN,25-29,567
2020,DKI JAKARTA,JAKARTA TIMUR,PASAR REBO,PEREMPUAN,30-34,678
2020,DKI JAKARTA,JAKARTA TIMUR,PASAR REBO,PEREMPUAN,35-39,886
2020,DKI JAKARTA,JAKARTA TIMUR,PASAR REBO,PEREMPUAN,40-44,1192
2020,DKI JAKARTA,JAKARTA TIMUR,PASAR REBO,PEREMPUAN,45-49,1396
2020,DKI JAKARTA,JAKARTA TIMUR,PASAR REBO,PEREMPUAN,50-54,1543
2020,DKI JAKARTA,JAKARTA TIMUR,PASAR REBO,PEREMPUAN,55-59,1587
2020,DKI JAKARTA,JAKARTA TIMUR,PASAR REBO,PEREMPUAN,60-64,1505
2020,DKI JAKARTA,JAKARTA TIMUR,PASAR REBO,PEREMPUAN,65-69,1163
2020,DKI JAKARTA,JAKARTA TIMUR,PASAR REBO,PEREMPUAN,70-75,896
2020,DKI JAKARTA,JAKARTA TIMUR,PASAR REBO,PEREMPUAN,>75,592
2020,DKI JAKARTA,JAKARTA TIMUR,CAKUNG,PEREMPUAN,<15,6
2020,DKI JAKARTA,JAKARTA TIMUR,CAKUNG,PEREMPUAN,15-19,149
2020,DKI JAKARTA,JAKARTA TIMUR,CAKUNG,PEREMPUAN,20-24,1175
2020,DKI JAKARTA,JAKARTA TIMUR,CAKUNG,PEREMPUAN,25-29,1941
2020,DKI JAKARTA,JAKARTA TIMUR,CAKUNG,PEREMPUAN,30-34,2135
2020,DKI JAKARTA,JAKARTA TIMUR,CAKUNG,PEREMPUAN,35-39,2982
2020,DKI JAKARTA,JAKARTA TIMUR,CAKUNG,PEREMPUAN,40-44,3626
2020,DKI JAKARTA,JAKARTA TIMUR,CAKUNG,PEREMPUAN,45-49,3789
2020,DKI JAKARTA,JAKARTA TIMUR,CAKUNG,PEREMPUAN,50-54,3986
2020,DKI JAKARTA,JAKARTA TIMUR,CAKUNG,PEREMPUAN,55-59,4175
2020,DKI JAKARTA,JAKARTA TIMUR,CAKUNG,PEREMPUAN,60-64,3857
2020,DKI JAKARTA,JAKARTA TIMUR,CAKUNG,PEREMPUAN,65-69,2532
2020,DKI JAKARTA,JAKARTA TIMUR,CAKUNG,PEREMPUAN,70-75,1606
2020,DKI JAKARTA,JAKARTA TIMUR,CAKUNG,PEREMPUAN,>75,941
2020,DKI JAKARTA,JAKARTA TIMUR,DUREN SAWIT,PEREMPUAN,<15,4
2020,DKI JAKARTA,JAKARTA TIMUR,DUREN SAWIT,PEREMPUAN,15-19,83
2020,DKI JAKARTA,JAKARTA TIMUR,DUREN SAWIT,PEREMPUAN,20-24,459
2020,DKI JAKARTA,JAKARTA TIMUR,DUREN SAWIT,PEREMPUAN,25-29,944
2020,DKI JAKARTA,JAKARTA TIMUR,DUREN SAWIT,PEREMPUAN,30-34,1266
2020,DKI JAKARTA,JAKARTA TIMUR,DUREN SAWIT,PEREMPUAN,35-39,1937
2020,DKI JAKARTA,JAKARTA TIMUR,DUREN SAWIT,PEREMPUAN,40-44,2472
2020,DKI JAKARTA,JAKARTA TIMUR,DUREN SAWIT,PEREMPUAN,45-49,2983
2020,DKI JAKARTA,JAKARTA TIMUR,DUREN SAWIT,PEREMPUAN,50-54,3196
2020,DKI JAKARTA,JAKARTA TIMUR,DUREN SAWIT,PEREMPUAN,55-59,3369
2020,DKI JAKARTA,JAKARTA TIMUR,DUREN SAWIT,PEREMPUAN,60-64,3339
2020,DKI JAKARTA,JAKARTA TIMUR,DUREN SAWIT,PEREMPUAN,65-69,3097
2020,DKI JAKARTA,JAKARTA TIMUR,DUREN SAWIT,PEREMPUAN,70-75,2552
2020,DKI JAKARTA,JAKARTA TIMUR,DUREN SAWIT,PEREMPUAN,>75,1750
2020,DKI JAKARTA,JAKARTA TIMUR,MAKASAR,PEREMPUAN,<15,2
2020,DKI JAKARTA,JAKARTA TIMUR,MAKASAR,PEREMPUAN,15-19,34
2020,DKI JAKARTA,JAKARTA TIMUR,MAKASAR,PEREMPUAN,20-24,302
2020,DKI JAKARTA,JAKARTA TIMUR,MAKASAR,PEREMPUAN,25-29,600
2020,DKI JAKARTA,JAKARTA TIMUR,MAKASAR,PEREMPUAN,30-34,705
2020,DKI JAKARTA,JAKARTA TIMUR,MAKASAR,PEREMPUAN,35-39,937
2020,DKI JAKARTA,JAKARTA TIMUR,MAKASAR,PEREMPUAN,40-44,1199
2020,DKI JAKARTA,JAKARTA TIMUR,MAKASAR,PEREMPUAN,45-49,1395
2020,DKI JAKARTA,JAKARTA TIMUR,MAKASAR,PEREMPUAN,50-54,1556
2020,DKI JAKARTA,JAKARTA TIMUR,MAKASAR,PEREMPUAN,55-59,1690
2020,DKI JAKARTA,JAKARTA TIMUR,MAKASAR,PEREMPUAN,60-64,1575
2020,DKI JAKARTA,JAKARTA TIMUR,MAKASAR,PEREMPUAN,65-69,1257
2020,DKI JAKARTA,JAKARTA TIMUR,MAKASAR,PEREMPUAN,70-75,939
2020,DKI JAKARTA,JAKARTA TIMUR,MAKASAR,PEREMPUAN,>75,678
2020,DKI JAKARTA,JAKARTA TIMUR,CIRACAS,PEREMPUAN,<15,1
2020,DKI JAKARTA,JAKARTA TIMUR,CIRACAS,PEREMPUAN,15-19,89
2020,DKI JAKARTA,JAKARTA TIMUR,CIRACAS,PEREMPUAN,20-24,555
2020,DKI JAKARTA,JAKARTA TIMUR,CIRACAS,PEREMPUAN,25-29,983
2020,DKI JAKARTA,JAKARTA TIMUR,CIRACAS,PEREMPUAN,30-34,1163
2020,DKI JAKARTA,JAKARTA TIMUR,CIRACAS,PEREMPUAN,35-39,1493
2020,DKI JAKARTA,JAKARTA TIMUR,CIRACAS,PEREMPUAN,40-44,1785
2020,DKI JAKARTA,JAKARTA TIMUR,CIRACAS,PEREMPUAN,45-49,1995
2020,DKI JAKARTA,JAKARTA TIMUR,CIRACAS,PEREMPUAN,50-54,2184
2020,DKI JAKARTA,JAKARTA TIMUR,CIRACAS,PEREMPUAN,55-59,2449
2020,DKI JAKARTA,JAKARTA TIMUR,CIRACAS,PEREMPUAN,60-64,2475
2020,DKI JAKARTA,JAKARTA TIMUR,CIRACAS,PEREMPUAN,65-69,1689
2020,DKI JAKARTA,JAKARTA TIMUR,CIRACAS,PEREMPUAN,70-75,1235
2020,DKI JAKARTA,JAKARTA TIMUR,CIRACAS,PEREMPUAN,>75,728
2020,DKI JAKARTA,JAKARTA TIMUR,CIPAYUNG,PEREMPUAN,<15,2
2020,DKI JAKARTA,JAKARTA TIMUR,CIPAYUNG,PEREMPUAN,15-19,38
2020,DKI JAKARTA,JAKARTA TIMUR,CIPAYUNG,PEREMPUAN,20-24,395
2020,DKI JAKARTA,JAKARTA TIMUR,CIPAYUNG,PEREMPUAN,25-29,780
2020,DKI JAKARTA,JAKARTA TIMUR,CIPAYUNG,PEREMPUAN,30-34,910
2020,DKI JAKARTA,JAKARTA TIMUR,CIPAYUNG,PEREMPUAN,35-39,1192
2020,DKI JAKARTA,JAKARTA TIMUR,CIPAYUNG,PEREMPUAN,40-44,1524
2020,DKI JAKARTA,JAKARTA TIMUR,CIPAYUNG,PEREMPUAN,45-49,1743
2020,DKI JAKARTA,JAKARTA TIMUR,CIPAYUNG,PEREMPUAN,50-54,1942
2020,DKI JAKARTA,JAKARTA TIMUR,CIPAYUNG,PEREMPUAN,55-59,2063
2020,DKI JAKARTA,JAKARTA TIMUR,CIPAYUNG,PEREMPUAN,60-64,1842
2020,DKI JAKARTA,JAKARTA TIMUR,CIPAYUNG,PEREMPUAN,65-69,1271
2020,DKI JAKARTA,JAKARTA TIMUR,CIPAYUNG,PEREMPUAN,70-75,1005
2020,DKI JAKARTA,JAKARTA TIMUR,CIPAYUNG,PEREMPUAN,>75,582
